Index,Class
0,7
1,7
2,8
3,8
4,4
5,10
6,14
7,17
8,9
9,9
10,5
11,5
12,4
13,8
14,10
15,5
16,7
17,5
18,2
19,5
20,11
21,9
22,4
23,9
24,18
25,11
26,16
27,15
28,14
29,9
30,9
31,10
32,2
33,7
34,7
35,8
36,16
37,10
38,12
39,7
40,17
41,9
42,9
43,8
44,9
45,11
46,5
47,9
48,9
49,6
50,9
51,12
52,9
53,5
54,8
55,10
56,8
57,9
58,4
59,11
60,10
61,8
62,13
63,14
64,11
65,10
66,10
67,18
68,5
69,9
70,10
71,9
72,17
73,9
74,10
75,11
76,6
77,8
78,12
79,5
80,15
81,10
82,8
83,16
84,8
85,2
86,5
87,15
88,9
89,12
90,13
91,8
92,10
93,4
94,10
95,4
96,5
97,10
98,8
99,9
100,9
101,16
102,4
103,8
104,10
105,10
106,18
107,9
108,7
109,10
110,5
111,8
112,8
113,14
114,8
115,5
116,8
117,6
118,10
119,9
120,3
121,6
122,9
123,8
124,9
125,12
126,9
127,6
128,6
129,7
130,10
131,8
132,13
133,9
134,9
135,11
136,15
137,11
138,4
139,8
140,4
141,8
142,12
143,18
144,10
145,3
146,12
147,13
148,18
149,18
150,8
151,10
152,7
153,10
154,10
155,11
156,6
157,3
158,8
159,7
160,11
161,5
162,5
163,8
164,10
165,9
166,2
167,10
168,11
169,6
170,8
171,8
172,8
173,7
174,5
175,12
176,5
177,9
178,8
179,9
180,6
181,7
182,11
183,5
184,4
185,9
186,2
187,14
188,15
189,12
190,11
191,13
192,10
193,8
194,4
195,6
196,13
197,17
198,10
199,4
200,10
201,8
202,9
203,17
204,14
205,9
206,15
207,10
208,8
209,10
210,1
211,7
212,8
213,3
214,15
215,8
216,6
217,7
218,2
219,9
220,7
221,9
222,7
223,15
224,10
225,5
226,17
227,7
228,15
229,9
230,15
231,6
232,8
233,18
234,1
235,5
236,9
237,12
238,5
239,1
240,1
241,6
242,8
243,7
244,7
245,17
246,5
247,4
248,14
249,10
250,7
251,7
252,4
253,4
254,8
255,8
256,11
257,7
258,10
259,5
260,10
261,2
262,8
263,9
264,5
265,2
266,8
267,10
268,13
269,9
270,12
271,4
272,10
273,7
274,7
275,10
276,5
277,4
278,5
279,6
280,14
281,8
282,1
283,8
284,10
285,6
286,8
287,16
288,7
289,2
290,2
291,17
292,7
293,13
294,9
295,10
296,10
297,10
298,7
299,10
300,7
301,10
302,9
303,8
304,10
305,13
306,8
307,9
308,6
309,15
310,10
311,10
312,9
313,14
314,12
315,15
316,12
317,9
318,8
319,5
320,4
321,2
322,7
323,15
324,15
325,9
326,9
327,10
328,8
329,7
330,2
331,8
332,2
333,7
334,10
335,12
336,5
337,9
338,11
339,9
340,8
341,9
342,10
343,6
344,16
345,11
346,7
347,13
348,9
349,10
350,4
351,9
352,4
353,7
354,9
355,4
356,8
357,6
358,10
359,7
360,6
361,6
362,1
363,15
364,4
365,4
366,4
367,6
368,2
369,9
370,10
371,12
372,10
373,8
374,6
375,8
376,6
377,12
378,5
379,7
380,8
381,5
382,8
383,16
384,5
385,1
386,10
387,9
388,8
389,10
390,9
391,18
392,9
393,11
394,8
395,5
396,5
397,2
398,8
399,2
400,12
401,5
402,14
403,8
404,8
405,7
406,15
407,4
408,10
409,6
410,5
411,15
412,5
413,5
414,2
415,7
416,7
417,6
418,9
419,8
420,8
421,9
422,10
423,7
424,4
425,16
426,9
427,17
428,3
429,10
430,10
431,1
432,9
433,10
434,6
435,8
436,16
437,5
438,3
439,9
440,9
441,9
442,11
443,10
444,17
445,8
446,10
447,2
448,8
449,6
450,4
451,6
452,9
453,9
454,12
455,10
456,14
457,12
458,4
459,8
460,6
461,15
462,10
463,8
464,8
465,6
466,7
467,12
468,17
469,9
470,8
471,10
472,8
473,10
474,8
475,18
476,10
477,8
478,17
479,7
480,12
481,6
482,7
483,5
484,10
485,7
486,9
487,6
488,9
489,5
490,9
491,3
492,17
493,5
494,7
495,12
496,8
497,11
498,8
499,11
500,9
501,11
502,10
503,6
504,9
505,10
506,7
507,16
508,10
509,7
510,17
511,8
512,10
513,6
514,14
515,8
516,10
517,9
518,15
519,8
520,10
521,10
522,5
523,2
524,9
525,2
526,5
527,11
528,2
529,2
530,12
531,4
532,7
533,10
534,5
535,15
536,11
537,15
538,6
539,7
540,4
541,10
542,8
543,1
544,8
545,4
546,10
547,5
548,11
549,9
550,2
551,9
552,10
553,7
554,13
555,10
556,8
557,11
558,4
559,11
560,9
561,11
562,9
563,9
564,12
565,8
566,6
567,10
568,8
569,5
570,5
571,13
572,9
573,6
574,7
575,8
576,8
577,14
578,12
579,8
580,16
581,7
582,10
583,6
584,9
585,10
586,7
587,7
588,11
589,11
590,1
591,10
592,10
593,7
594,8
595,9
596,14
597,10
598,9
599,4
600,13
601,13
602,9
603,10
604,6
605,7
606,2
607,7
608,2
609,13
610,9
611,12
612,4
613,9
614,5
615,8
616,9
617,6
618,8
619,12
620,5
621,5
622,12
623,16
624,13
625,7
626,9
627,6
628,8
629,4
630,3
631,12
632,9
633,10
634,5
635,8
636,7
637,7
638,11
639,7
640,12
641,2
642,8
643,5
644,10
645,7
646,11
647,14
648,10
649,5
650,15
651,10
652,2
653,6
654,5
655,8
656,5
657,14
658,7
659,12
660,8
661,10
662,9
663,7
664,10
665,10
666,12
667,4
668,12
669,4
670,7
671,9
672,5
673,12
674,6
675,9
676,6
677,7
678,8
679,18
680,2
681,8
682,9
683,8
684,5
685,18
686,13
687,7
688,13
689,4
690,10
691,9
692,6
693,10
694,4
695,7
696,6
697,14
698,17
699,12
700,12
701,9
702,16
703,7
704,5
705,10
706,10
707,2
708,4
709,6
710,1
711,6
712,10
713,10
714,10
715,10
716,11
717,13
718,7
719,6
720,9
721,5
722,18
723,2
724,16
725,9
726,12
727,6
728,7
729,12
730,3
731,8
732,10
733,8
734,13
735,10
736,8
737,12
738,11
739,8
740,2
741,15
742,7
743,3
744,9
745,11
746,12
747,12
748,1
749,15
750,8
751,8
752,9
753,15
754,18
755,8
756,12
757,7
758,5
759,7
760,6
761,8
762,9
763,8
764,8
765,8
766,8
767,13
768,2
769,8
770,9
771,7
772,2
773,12
774,8
775,8
776,12
777,8
778,18
779,5
780,17
781,8
782,10
783,5
784,5
785,5
786,9
787,6
788,4
789,13
790,15
791,7
792,10
793,7
794,8
795,9
796,5
797,9
798,6
799,10
800,9
801,2
802,18
803,11
804,14
805,9
806,5
807,13
808,9
809,9
810,7
811,15
812,4
813,8
814,14
815,4
816,9
817,6
818,5
819,11
820,8
821,8
822,7
823,8
824,9
825,7
826,10
827,12
828,5
829,8
830,13
831,7
832,8
833,18
834,10
835,8
836,10
837,2
838,10
839,7
840,10
841,17
842,7
843,2
844,10
845,5
846,4
847,17
848,2
849,5
850,12
851,13
852,11
853,9
854,5
855,13
856,3
857,5
858,7
859,10
860,8
861,5
862,10
863,10
864,15
865,9
866,8
867,17
868,9
869,10
870,5
871,8
872,7
873,10
874,14
875,8
876,10
877,4
878,12
879,12
880,4
881,8
882,2
883,8
884,5
885,2
886,8
887,9
888,8
889,2
890,13
891,5
892,6
893,8
894,11
895,15
896,15
897,13
898,13
899,9
900,10
901,14
902,7
903,5
904,8
905,6
906,12
907,9
908,14
909,4
910,11
911,4
912,8
913,10
914,10
915,10
916,9
917,10
918,4
919,12
920,9
921,9
922,13
923,10
924,7
925,10
926,12
927,5
928,8
929,10
930,2
931,10
932,9
933,6
934,4
935,9
936,5
937,11
938,10
939,6
940,8
941,8
942,8
943,11
944,3
945,8
946,9
947,10
948,5
949,10
950,5
951,10
952,9
953,8
954,8
955,9
956,6
957,6
958,15
959,6
960,9
961,8
962,17
963,12
964,10
965,16
966,9
967,10
968,10
969,10
970,4
971,9
972,8
973,9
974,7
975,7
976,9
977,11
978,7
979,9
980,9
981,11
982,8
983,1
984,8
985,10
986,8
987,7
988,8
989,9
990,13
991,9
992,5
993,11
994,9
995,8
996,11
997,10
998,10
999,8
1000,8
1001,6
1002,7
1003,8
1004,9
1005,7
1006,6
1007,5
1008,6
1009,7
1010,7
1011,10
1012,11
1013,10
1014,15
1015,10
1016,11
1017,12
1018,10
1019,7
1020,5
1021,5
1022,9
1023,12
1024,11
1025,9
1026,8
1027,9
1028,8
1029,4
1030,2
1031,8
1032,10
1033,8
1034,7
1035,7
1036,6
1037,6
1038,8
1039,5
1040,9
1041,14
1042,15
1043,10
1044,8
1045,10
1046,6
1047,13
1048,17
1049,4
1050,10
1051,9
1052,8
1053,1
1054,10
1055,8
1056,5
1057,10
1058,11
1059,13
1060,9
1061,5
1062,8
1063,10
1064,9
1065,8
1066,13
1067,2
1068,10
1069,12
1070,8
1071,6
1072,10
1073,6
1074,9
1075,12
1076,4
1077,8
1078,12
1079,11
1080,14
1081,17
1082,7
1083,9
1084,6
1085,8
1086,6
1087,6
1088,8
1089,10
1090,3
1091,5
1092,5
1093,10
1094,16
1095,10
1096,4
1097,8
1098,18
1099,10
1100,6
1101,12
1102,10
1103,10
1104,9
1105,17
1106,5
1107,13
1108,7
1109,9
1110,10
1111,6
1112,6
1113,10
1114,4
1115,3
1116,7
1117,7
1118,8
1119,9
1120,10
1121,2
1122,10
1123,6
1124,10
1125,11
1126,8
1127,4
1128,9
1129,6
1130,7
1131,15
1132,3
1133,6
1134,2
1135,6
1136,2
1137,17
1138,7
1139,13
1140,5
1141,8
1142,9
1143,4
1144,8
1145,9
1146,9
1147,7
1148,6
1149,14
1150,6
1151,11
1152,7
1153,16
1154,18
1155,13
1156,11
1157,7
1158,8
1159,1
1160,4
1161,7
1162,12
1163,10
1164,11
1165,12
1166,8
1167,4
1168,9
1169,12
1170,8
1171,11
1172,11
1173,10
1174,7
1175,16
1176,6
1177,10
1178,8
1179,4
1180,2
1181,8
1182,9
1183,9
1184,12
1185,7
1186,12
1187,9
1188,5
1189,13
1190,11
1191,5
1192,12
1193,6
1194,9
1195,6
1196,2
1197,13
1198,12
1199,9
1200,7
1201,17
1202,17
1203,5
1204,6
1205,10
1206,18
1207,9
1208,7
1209,11
1210,7
1211,9
1212,2
1213,13
1214,9
1215,10
1216,9
1217,8
1218,7
1219,12
1220,10
1221,14
1222,6
1223,15
1224,6
1225,4
1226,4
1227,6
1228,10
1229,7
1230,8
1231,10
1232,2
1233,7
1234,9
1235,9
1236,7
1237,8
1238,10
1239,5
1240,7
1241,10
1242,4
1243,6
1244,6
1245,3
1246,13
1247,10
1248,5
1249,2
1250,10
1251,5
1252,10
1253,9
1254,11
1255,9
1256,13
1257,11
1258,10
1259,8
1260,10
1261,1
1262,11
1263,10
1264,8
1265,9
1266,9
1267,11
1268,10
1269,9
1270,10
1271,7
1272,17
1273,5
1274,10
1275,7
1276,12
1277,7
1278,13
1279,9
1280,10
1281,15
1282,4
1283,7
1284,15
1285,5
1286,10
1287,6
1288,6
1289,5
1290,11
1291,13
1292,11
1293,9
1294,5
1295,7
1296,15
1297,4
1298,15
1299,16
1300,12
1301,8
1302,10
1303,9
1304,9
1305,1
1306,12
1307,7
1308,8
1309,12
1310,5
1311,9
1312,5
1313,9
1314,7
1315,2
1316,2
1317,10
1318,10
1319,12
1320,5
1321,9
1322,4
1323,9
1324,9
1325,16
1326,13
1327,12
1328,7
1329,4
1330,17
1331,15
1332,12
1333,7
1334,8
1335,5
1336,10
1337,10
1338,9
1339,11
1340,7
1341,6
1342,5
1343,7
1344,13
1345,9
1346,2
1347,4
1348,10
1349,2
1350,14
1351,12
1352,5
1353,5
1354,15
1355,2
1356,6
1357,15
1358,11
1359,10
1360,11
1361,16
1362,10
1363,5
1364,9
1365,6
1366,5
1367,4
1368,7
1369,10
1370,10
1371,9
1372,10
1373,5
1374,6
1375,18
1376,9
1377,5
1378,9
1379,11
1380,12
1381,10
1382,6
1383,5
1384,8
1385,4
1386,8
1387,6
1388,10
1389,5
1390,5
1391,7
1392,14
1393,16
1394,8
1395,15
1396,6
1397,18
1398,2
1399,8
1400,8
1401,8
1402,8
1403,17
1404,9
1405,6
1406,8
1407,10
1408,8
1409,6
1410,6
1411,6
1412,2
1413,9
1414,8
1415,6
1416,10
1417,17
1418,7
1419,5
1420,6
1421,5
1422,7
1423,10
1424,8
1425,11
1426,9
1427,13
1428,8
1429,8
1430,11
1431,1
1432,7
1433,10
1434,9
1435,6
1436,2
1437,8
1438,7
1439,4
1440,16
1441,15
1442,10
1443,9
1444,10
1445,8
1446,11
1447,9
1448,9
1449,9
1450,6
1451,5
1452,7
1453,4
1454,15
1455,2
1456,8
1457,10
1458,8
1459,10
1460,8
1461,7
1462,7
1463,10
1464,9
1465,11
1466,8
1467,11
1468,12
1469,16
1470,15
1471,11
1472,13
1473,13
1474,9
1475,7
1476,6
1477,8
1478,6
1479,12
1480,7
1481,7
1482,7
1483,7
1484,2
1485,7
1486,13
1487,9
1488,8
1489,7
1490,2
1491,10
1492,17
1493,12
1494,13
1495,6
1496,17
1497,8
1498,10
1499,6
1500,6
1501,16
1502,9
1503,10
1504,11
1505,10
1506,8
1507,8
1508,10
1509,1
1510,12
1511,5
1512,7
1513,6
1514,12
1515,12
1516,10
1517,3
1518,7
1519,14
1520,5
1521,10
1522,3
1523,7
1524,2
1525,2
1526,9
1527,6
1528,12
1529,7
1530,10
1531,13
1532,8
1533,6
1534,5
1535,4
1536,17
1537,5
1538,11
1539,8
1540,7
1541,11
1542,5
1543,9
1544,6
1545,9
1546,9
1547,8
1548,6
1549,10
1550,10
1551,1
1552,2
1553,5
1554,4
1555,13
1556,7
1557,5
1558,9
1559,8
1560,7
1561,16
1562,7
1563,7
1564,4
1565,8
1566,9
1567,8
1568,8
1569,8
1570,5
1571,9
1572,10
1573,18
1574,7
1575,9
1576,2
1577,1
1578,3
1579,10
1580,8
1581,11
1582,10
1583,12
1584,7
1585,11
1586,4
1587,7
1588,11
1589,5
1590,13
1591,9
1592,6
1593,13
1594,11
1595,8
1596,8
1597,1
1598,14
1599,5
1600,8
1601,7
1602,6
1603,2
1604,13
1605,2
1606,9
1607,4
1608,6
1609,2
1610,2
1611,2
1612,9
1613,17
1614,9
1615,9
1616,9
1617,7
1618,2
1619,11
1620,5
1621,8
1622,10
1623,9
1624,8
1625,4
1626,10
1627,8
1628,8
1629,9
1630,15
1631,2
1632,8
1633,6
1634,10
1635,7
1636,10
1637,14
1638,8
1639,5
1640,9
1641,7
1642,15
1643,9
1644,8
1645,9
1646,10
1647,8
1648,1
1649,6
1650,10
1651,7
1652,9
1653,12
1654,7
1655,10
1656,5
1657,12
1658,5
1659,10
1660,10
1661,7
1662,9
1663,12
1664,4
1665,6
1666,17
1667,10
1668,8
1669,12
1670,8
1671,8
1672,7
1673,10
1674,10
1675,5
1676,8
1677,18
1678,10
1679,10
1680,10
1681,9
1682,8
1683,9
1684,11
1685,7
1686,9
1687,10
1688,7
1689,9
1690,12
1691,10
1692,9
1693,11
1694,5
1695,5
1696,9
1697,7
1698,8
1699,15
1700,2
1701,7
1702,9
1703,7
1704,5
1705,11
1706,5
1707,7
1708,15
1709,5
1710,5
1711,13
1712,10
1713,7
1714,10
1715,7
1716,5
1717,10
1718,9
1719,11
1720,9
1721,9
1722,6
1723,14
1724,6
1725,4
1726,6
1727,6
1728,12
1729,9
1730,9
1731,11
1732,6
1733,5
1734,9
1735,10
1736,10
1737,8
1738,14
1739,2
1740,7
1741,4
1742,9
1743,13
1744,7
1745,11
1746,15
1747,6
1748,7
1749,7
1750,8
1751,1
1752,1
1753,10
1754,3
1755,13
1756,13
1757,10
1758,11
1759,9
1760,10
1761,10
1762,2
1763,5
1764,8
1765,12
1766,5
1767,10
1768,7
1769,10
1770,4
1771,6
1772,12
1773,7
1774,9
1775,9
1776,9
1777,4
1778,6
1779,6
1780,12
1781,9
1782,8
1783,8
1784,13
1785,8
1786,7
1787,10
1788,9
1789,10
1790,10
1791,4
1792,7
1793,8
1794,15
1795,8
1796,16
1797,8
1798,5
1799,9
1800,12
1801,8
1802,5
1803,16
1804,8
1805,9
1806,13
1807,8
1808,8
1809,5
1810,3
1811,4
1812,10
1813,10
1814,12
1815,5
1816,7
1817,6
1818,5
1819,10
1820,7
1821,14
1822,10
1823,7
1824,12
1825,12
1826,7
1827,15
1828,7
1829,8
1830,5
1831,7
1832,9
1833,4
1834,7
1835,3
1836,11
1837,14
1838,17
1839,10
1840,5
1841,4
1842,10
1843,8
1844,11
1845,5
1846,16
1847,8
1848,9
1849,8
1850,7
1851,9
1852,10
1853,8
1854,11
1855,9
1856,10
1857,6
1858,6
1859,7
1860,8
1861,13
1862,7
1863,5
1864,17
1865,14
1866,6
1867,10
1868,8
1869,5
1870,9
1871,9
1872,8
1873,9
1874,8
1875,15
1876,9
1877,5
1878,9
1879,5
1880,8
1881,13
1882,12
1883,10
1884,6
1885,7
1886,9
1887,9
1888,9
1889,8
1890,7
1891,13
1892,4
1893,11
1894,18
1895,8
1896,6
1897,10
1898,8
1899,5
1900,11
1901,9
1902,3
1903,12
1904,10
1905,6
1906,13
1907,17
1908,10
1909,9
1910,5
1911,9
1912,12
1913,16
1914,10
1915,9
1916,5
1917,9
1918,9
1919,5
1920,10
1921,9
1922,13
1923,5
1924,7
1925,6
1926,8
1927,18
1928,9
1929,10
1930,11
1931,5
1932,11
1933,15
1934,1
1935,9
1936,5
1937,7
1938,5
1939,11
1940,8
1941,10
1942,9
1943,10
1944,9
1945,10
1946,6
1947,15
1948,9
1949,8
1950,9
1951,18
1952,6
1953,4
1954,10
1955,13
1956,10
1957,8
1958,7
1959,12
1960,6
1961,10
1962,9
1963,10
1964,11
1965,8
1966,10
1967,9
1968,8
1969,9
1970,6
1971,10
1972,8
1973,10
1974,7
1975,7
1976,8
1977,7
1978,9
1979,15
1980,10
1981,15
1982,10
1983,10
1984,11
1985,16
1986,8
1987,10
1988,11
1989,10
1990,9
1991,18
1992,8
1993,9
1994,13
1995,8
1996,5
1997,7
1998,4
1999,13
2000,14
2001,4
2002,10
2003,9
2004,8
2005,6
2006,7
2007,10
2008,12
2009,7
2010,7
2011,10
2012,5
2013,4
2014,11
2015,17
2016,2
2017,10
2018,16
2019,13
2020,2
2021,11
2022,6
2023,12
2024,2
2025,9
2026,12
2027,12
2028,7
2029,10
2030,8
2031,9
2032,11
2033,8
2034,10
2035,11
2036,10
2037,5
2038,9
2039,7
2040,12
2041,9
2042,10
2043,2
2044,10
2045,5
2046,10
2047,5
2048,6
2049,12
2050,12
2051,10
2052,17
2053,13
2054,13
2055,14
2056,5
2057,6
2058,7
2059,9
2060,2
2061,9
2062,3
2063,3
2064,4
2065,9
2066,13
2067,7
2068,15
2069,9
2070,7
2071,11
2072,4
2073,11
2074,10
2075,12
2076,11
2077,8
2078,4
2079,9
2080,9
2081,10
2082,5
2083,7
2084,6
2085,13
2086,10
2087,1
2088,12
2089,17
2090,8
2091,4
2092,7
2093,10
2094,6
2095,12
2096,5
2097,17
2098,6
2099,7
2100,7
2101,5
2102,5
2103,10
2104,8
2105,12
2106,7
2107,10
2108,1
2109,9
2110,8
2111,7
2112,9
2113,9
2114,2
2115,9
2116,10
2117,5
2118,4
2119,2
2120,7
2121,15
2122,7
2123,9
2124,11
2125,15
2126,10
2127,2
2128,9
2129,8
2130,10
2131,10
2132,6
2133,8
2134,12
2135,14
2136,4
2137,14
2138,9
2139,6
2140,13
2141,11
2142,12
2143,9
2144,3
2145,10
2146,18
2147,9
2148,10
2149,1
2150,9
2151,6
2152,8
2153,12
2154,11
2155,9
2156,5
2157,6
2158,9
2159,6
2160,17
2161,7
2162,6
2163,4
2164,9
2165,5
2166,11
2167,16
2168,1
2169,2
2170,12
2171,12
2172,8
2173,4
2174,17
2175,9
2176,9
2177,9
2178,8
2179,11
2180,17
2181,10
2182,6
2183,7
2184,6
2185,7
2186,8
2187,9
2188,9
2189,1
2190,13
2191,6
2192,7
2193,7
2194,14
2195,12
2196,12
2197,6
2198,8
2199,10
2200,12
2201,7
2202,10
2203,7
2204,10
2205,10
2206,13
2207,4
2208,7
2209,9
2210,1
2211,13
2212,5
2213,18
2214,6
2215,9
2216,8
2217,11
2218,8
2219,11
2220,12
2221,6
2222,10
2223,9
2224,13
2225,12
2226,2
2227,2
2228,13
2229,10
2230,9
2231,8
2232,10
2233,6
2234,5
2235,4
2236,13
2237,5
2238,8
2239,8
2240,2
2241,9
2242,8
2243,8
2244,9
2245,7
2246,7
2247,9
2248,8
2249,8
2250,5
2251,8
2252,10
2253,10
2254,11
2255,17
2256,10
2257,7
2258,10
2259,7
2260,10
2261,6
2262,7
2263,13
2264,7
2265,15
2266,10
2267,7
2268,9
2269,1
2270,18
2271,8
2272,4
2273,4
2274,13
2275,9
2276,12
2277,8
2278,8
2279,8
2280,8
2281,11
2282,8
2283,9
2284,9
2285,7
2286,9
2287,1
2288,18
2289,7
2290,8
2291,4
2292,2
2293,8
2294,9
2295,11
2296,7
2297,9
2298,6
2299,8
2300,11
2301,2
2302,10
2303,8
2304,10
2305,8
2306,17
2307,9
2308,14
2309,9
2310,17
2311,8
2312,5
2313,9
2314,15
2315,8
2316,8
2317,11
2318,13
2319,8
2320,10
2321,12
2322,11
2323,18
2324,8
2325,5
2326,13
2327,12
2328,14
2329,7
2330,4
2331,5
2332,9
2333,10
2334,10
2335,15
2336,10
2337,10
2338,8
2339,7
2340,10
2341,6
2342,6
2343,7
2344,12
2345,10
2346,7
2347,6
2348,3
2349,8
2350,5
2351,18
2352,4
2353,18
2354,5
2355,8
2356,7
2357,9
2358,8
2359,14
2360,10
2361,11
2362,9
2363,8
2364,4
2365,7
2366,13
2367,12
2368,9
2369,6
2370,13
2371,15
2372,10
2373,7
2374,10
2375,6
2376,12
2377,13
2378,15
2379,9
2380,11
2381,5
2382,9
2383,9
2384,7
2385,12
2386,9
2387,8
2388,10
2389,3
2390,18
2391,8
2392,8
2393,7
2394,10
2395,7
2396,10
2397,5
2398,14
2399,13
2400,9
2401,8
2402,9
2403,4
2404,9
2405,13
2406,8
2407,10
2408,10
2409,5
2410,9
2411,8
2412,18
2413,10
2414,5
2415,2
2416,8
2417,8
2418,17
2419,8
2420,5
2421,13
2422,1
2423,16
2424,7
2425,9
2426,12
2427,4
2428,8
2429,16
2430,8
2431,6
2432,9
2433,13
2434,18
2435,10
2436,9
2437,7
2438,3
2439,8
2440,2
2441,9
2442,10
2443,5
2444,6
2445,11
2446,9
2447,6
2448,10
2449,16
2450,8
2451,6
2452,5
2453,16
2454,10
2455,9
2456,2
2457,10
2458,10
2459,15
2460,7
2461,8
2462,8
2463,9
2464,17
2465,11
2466,10
2467,7
2468,10
2469,13
2470,9
2471,4
2472,6
2473,2
2474,12
2475,13
2476,9
2477,12
2478,2
2479,9
2480,5
2481,2
2482,4
2483,11
2484,12
2485,4
2486,9
2487,2
2488,2
2489,17
2490,5
2491,18
2492,9
2493,9
2494,9
2495,9
2496,6
2497,3
2498,4
2499,9
2500,5
2501,9
2502,7
2503,10
2504,8
2505,8
2506,8
2507,7
2508,9
2509,16
2510,4
2511,8
2512,7
2513,7
2514,5
2515,8
2516,7
2517,7
2518,10
2519,14
2520,9
2521,4
2522,12
2523,10
2524,7
2525,9
2526,14
2527,1
2528,11
2529,9
2530,1
2531,9
2532,14
2533,15
2534,10
2535,8
2536,5
2537,7
2538,4
2539,14
2540,8
2541,16
2542,17
2543,15
2544,7
2545,10
2546,6
2547,11
2548,4
2549,8
2550,5
2551,9
2552,14
2553,4
2554,9
2555,3
2556,12
2557,7
2558,10
2559,7
2560,13
2561,7
2562,6
2563,10
2564,10
2565,9
2566,2
2567,15
2568,7
2569,4
2570,7
2571,12
2572,2
2573,7
2574,8
2575,6
2576,10
2577,12
2578,5
2579,7
2580,10
2581,6
2582,6
2583,9
2584,10
2585,11
2586,5
2587,10
2588,9
2589,8
2590,5
2591,15
2592,4
2593,9
2594,11
2595,11
2596,7
2597,7
2598,9
2599,9
2600,8
2601,18
2602,4
2603,5
2604,4
2605,18
2606,8
2607,9
2608,10
2609,15
2610,3
2611,9
2612,6
2613,11
2614,7
2615,11
2616,11
2617,8
2618,5
2619,10
2620,5
2621,10
2622,12
2623,12
2624,9
2625,12
2626,15
2627,15
2628,14
2629,8
2630,1
2631,10
2632,10
2633,8
2634,8
2635,15
2636,12
2637,7
2638,17
2639,9
2640,9
2641,7
2642,5
2643,6
2644,12
2645,10
2646,7
2647,5
2648,4
2649,10
2650,8
2651,4
2652,5
2653,9
2654,8
2655,9
2656,9
2657,6
2658,4
2659,6
2660,5
2661,7
2662,17
2663,10
2664,8
2665,9
2666,2
2667,10
2668,17
2669,9
2670,5
2671,4
2672,7
2673,7
2674,8
2675,12
2676,15
2677,8
2678,15
2679,9
2680,13
2681,13
2682,13
2683,12
2684,11
2685,12
2686,9
2687,13
2688,15
2689,8
2690,4
2691,7
2692,10
2693,12
2694,17
2695,18
2696,4
2697,15
2698,9
2699,3
2700,9
2701,14
2702,5
2703,7
2704,5
2705,8
2706,10
2707,17
2708,9
2709,13
2710,7
2711,9
2712,8
2713,8
2714,9
2715,11
2716,6
2717,8
2718,2
2719,2
2720,7
2721,11
2722,14
2723,6
2724,18
2725,7
2726,7
2727,10
2728,9
2729,6
2730,7
2731,4
2732,5
2733,8
2734,8
2735,10
2736,10
2737,7
2738,8
2739,7
2740,8
2741,18
2742,2
2743,13
2744,9
2745,10
2746,12
2747,4
2748,4
2749,14
2750,11
2751,5
2752,8
2753,6
2754,16
2755,11
2756,2
2757,9
2758,7
2759,11
2760,5
2761,10
2762,5
2763,12
2764,0
2765,6
2766,9
2767,2
2768,8
2769,3
2770,8
2771,8
2772,5
2773,13
2774,4
2775,10
2776,12
2777,9
2778,13
2779,6
2780,10
2781,7
2782,10
2783,5
2784,8
2785,9
2786,8
2787,9
2788,9
2789,12
2790,8
2791,13
2792,5
2793,9
2794,15
2795,10
2796,12
2797,6
2798,9
2799,12
2800,15
2801,17
2802,2
2803,6
2804,7
2805,6
2806,12
2807,10
2808,1
2809,7
2810,10
2811,3
2812,17
2813,7
2814,8
2815,5
2816,5
2817,12
2818,18
2819,9
2820,7
2821,13
2822,9
2823,0
2824,8
2825,15
2826,10
2827,7
2828,7
2829,9
2830,8
2831,9
2832,8
2833,10
2834,7
2835,10
2836,10
2837,4
2838,10
2839,10
2840,7
2841,4
2842,10
2843,9
2844,1
2845,4
2846,11
2847,4
2848,9
2849,16
2850,12
2851,7
2852,8
2853,15
2854,9
2855,10
2856,8
2857,6
2858,8
2859,4
2860,2
2861,4
2862,8
2863,7
2864,8
2865,8
2866,9
2867,7
2868,10
2869,10
2870,7
2871,9
2872,6
2873,7
2874,16
2875,9
2876,6
2877,7
2878,7
2879,10
2880,5
2881,10
2882,9
2883,8
2884,4
2885,9
2886,5
2887,6
2888,15
2889,15
2890,7
2891,8
2892,13
2893,6
2894,12
2895,8
2896,15
2897,16
2898,4
2899,3
2900,16
2901,10
2902,12
2903,17
2904,10
2905,14
2906,9
2907,12
2908,10
2909,6
2910,9
2911,15
2912,10
2913,13
2914,4
2915,11
2916,6
2917,7
2918,4
2919,4
2920,11
2921,16
2922,5
2923,15
2924,4
2925,10
2926,13
2927,10
2928,15
2929,11
2930,10
2931,6
2932,9
2933,10
2934,5
2935,11
2936,5
2937,17
2938,9
2939,8
2940,5
2941,15
2942,9
2943,13
2944,5
2945,11
2946,9
2947,12
2948,4
2949,6
2950,11
2951,8
2952,7
2953,11
2954,9
2955,12
2956,16
2957,9
2958,9
2959,4
2960,13
2961,9
2962,10
2963,7
2964,12
2965,5
2966,5
2967,5
2968,10
2969,8
2970,7
2971,15
2972,18
2973,4
2974,13
2975,12
2976,6
2977,14
2978,9
2979,8
2980,9
2981,10
2982,14
2983,9
2984,10
2985,12
2986,8
2987,2
2988,4
2989,15
2990,14
2991,10
2992,6
2993,3
2994,14
2995,5
2996,8
2997,2
2998,12
2999,11
3000,13
3001,10
3002,7
3003,5
3004,8
3005,10
3006,10
3007,9
3008,7
3009,7
3010,10
3011,8
3012,4
3013,18
3014,4
3015,5
3016,6
3017,11
3018,18
3019,8
3020,9
3021,4
3022,8
3023,10
3024,9
3025,5
3026,13
3027,2
3028,14
3029,17
3030,10
3031,5
3032,5
3033,10
3034,9
3035,4
3036,15
3037,17
3038,7
3039,16
3040,10
3041,10
3042,9
3043,10
3044,17
3045,8
3046,9
3047,4
3048,3
3049,8
3050,7
3051,5
3052,17
3053,14
3054,7
3055,7
3056,5
3057,10
3058,10
3059,10
3060,12
3061,14
3062,12
3063,5
3064,10
3065,7
3066,10
3067,7
3068,11
3069,9
3070,7
3071,15
3072,6
3073,10
3074,5
3075,5
3076,6
3077,4
3078,10
3079,7
3080,10
3081,7
3082,7
3083,6
3084,13
3085,8
3086,18
3087,9
3088,10
3089,11
3090,6
3091,2
3092,15
3093,9
3094,9
3095,4
3096,5
3097,8
3098,6
3099,12
3100,1
3101,8
3102,12
3103,8
3104,11
3105,7
3106,16
3107,13
3108,7
3109,10
3110,1
3111,9
3112,17
3113,9
3114,11
3115,9
3116,8
3117,11
3118,9
3119,10
3120,1
3121,9
3122,11
3123,10
3124,7
3125,8
3126,5
3127,8
3128,5
3129,9
3130,10
3131,13
3132,9
3133,10
3134,9
3135,6
3136,7
3137,2
3138,15
3139,7
3140,11
3141,13
3142,8
3143,10
3144,12
3145,10
3146,8
3147,10
3148,9
3149,15
3150,4
3151,4
3152,17
3153,8
3154,10
3155,7
3156,11
3157,12
3158,5
3159,5
3160,9
3161,8
3162,10
3163,17
3164,10
3165,3
3166,9
3167,17
3168,4
3169,13
3170,5
3171,8
3172,9
3173,7
3174,8
3175,3
3176,9
3177,7
3178,7
3179,12
3180,9
3181,11
3182,13
3183,9
3184,10
3185,4
3186,10
3187,8
3188,9
3189,16
3190,8
3191,11
3192,8
3193,8
3194,5
3195,5
3196,4
3197,7
3198,9
3199,5
3200,16
3201,10
3202,11
3203,9
3204,5
3205,8
3206,10
3207,4
3208,10
3209,10
3210,6
3211,12
3212,9
3213,7
3214,9
3215,16
3216,14
3217,7
3218,6
3219,6
3220,10
3221,8
3222,5
3223,8
3224,17
3225,6
3226,0
3227,10
3228,5
3229,7
3230,18
3231,8
3232,5
3233,7
3234,12
3235,6
3236,10
3237,10
3238,10
3239,8
3240,10
3241,11
3242,16
3243,12
3244,5
3245,7
3246,10
3247,12
3248,9
3249,2
3250,4
3251,6
3252,5
3253,9
3254,8
3255,10
3256,5
3257,8
3258,9
3259,13
3260,9
3261,8
3262,10
3263,17
3264,16
3265,7
3266,17
3267,2
3268,4
3269,7
3270,11
3271,9
3272,4
3273,4
3274,5
3275,8
3276,4
3277,5
3278,8
3279,16
3280,15
3281,3
3282,9
3283,5
3284,5
3285,8
3286,2
3287,10
3288,8
3289,8
3290,10
3291,6
3292,16
3293,18
3294,9
3295,14
3296,13
3297,9
3298,10
3299,11
3300,5
3301,3
3302,4
3303,14
3304,9
3305,8
3306,10
3307,9
3308,9
3309,9
3310,15
3311,9
3312,2
3313,10
3314,6
3315,2
3316,2
3317,5
3318,9
3319,10
3320,4
3321,6
3322,13
3323,9
3324,7
3325,2
3326,17
3327,8
3328,9
3329,1
3330,10
3331,17
3332,8
3333,16
3334,10
3335,12
3336,4
3337,10
3338,5
3339,7
3340,8
3341,18
3342,5
3343,4
3344,8
3345,8
3346,16
3347,8
3348,13
3349,10
3350,10
3351,5
3352,8
3353,8
3354,9
3355,0
3356,12
3357,10
3358,10
3359,1
3360,7
3361,7
3362,12
3363,7
3364,10
3365,12
3366,2
3367,8
3368,11
3369,9
3370,7
3371,7
3372,9
3373,9
3374,5
3375,5
3376,4
3377,9
3378,16
3379,7
3380,7
3381,12
3382,5
3383,9
3384,13
3385,11
3386,9
3387,12
3388,5
3389,14
3390,6
3391,7
3392,6
3393,10
3394,13
3395,11
3396,7
3397,9
3398,8
3399,4
3400,5
3401,2
3402,8
3403,15
3404,16
3405,7
3406,9
3407,7
3408,5
3409,8
3410,9
3411,10
3412,7
3413,17
3414,11
3415,6
3416,9
3417,14
3418,9
3419,11
3420,7
3421,10
3422,17
3423,17
3424,11
3425,10
3426,12
3427,5
3428,4
3429,17
3430,11
3431,13
3432,9
3433,9
3434,10
3435,5
3436,5
3437,10
3438,13
3439,5
3440,5
3441,9
3442,12
3443,11
3444,9
3445,7
3446,4
3447,7
3448,6
3449,10
3450,7
3451,9
3452,16
3453,17
3454,13
3455,10
3456,17
3457,10
3458,13
3459,8
3460,5
3461,1
3462,7
3463,10
3464,10
3465,15
3466,8
3467,9
3468,8
3469,8
3470,5
3471,10
3472,2
3473,10
3474,9
3475,12
3476,3
3477,9
3478,11
3479,1
3480,6
3481,6
3482,7
3483,8
3484,12
3485,7
3486,4
3487,10
3488,10
3489,17
3490,11
3491,6
3492,5
3493,12
3494,12
3495,4
3496,10
3497,4
3498,8
3499,17
3500,4
3501,17
3502,10
3503,12
3504,6
3505,6
3506,10
3507,5
3508,9
3509,6
3510,8
3511,12
3512,8
3513,8
3514,15
3515,18
3516,11
3517,17
3518,7
3519,10
3520,11
3521,2
3522,17
3523,11
3524,13
3525,14
3526,2
3527,9
3528,6
3529,9
3530,10
3531,10
3532,6
3533,8
3534,9
3535,5
3536,10
3537,8
3538,8
3539,12
3540,9
3541,7
3542,10
3543,10
3544,16
3545,10
3546,1
3547,5
3548,8
3549,17
3550,8
3551,10
3552,7
3553,9
3554,8
3555,13
3556,14
3557,7
3558,9
3559,4
3560,3
3561,7
3562,2
3563,8
3564,9
3565,11
3566,8
3567,10
3568,13
3569,11
3570,16
3571,10
3572,7
3573,9
3574,5
3575,13
3576,10
3577,10
3578,7
3579,8
3580,15
3581,9
3582,2
3583,13
3584,12
3585,6
3586,5
3587,14
3588,7
3589,8
3590,17
3591,10
3592,9
3593,12
3594,5
3595,10
3596,10
3597,11
3598,8
3599,5
3600,12
3601,9
3602,8
3603,9
3604,16
3605,8
3606,4
3607,8
3608,2
3609,6
3610,10
3611,10
3612,5
3613,8
3614,5
3615,5
3616,6
3617,12
3618,2
3619,12
3620,10
3621,10
3622,11
3623,11
3624,11
3625,13
3626,9
3627,10
3628,8
3629,5
3630,10
3631,18
3632,10
3633,12
3634,7
3635,5
3636,17
3637,10
3638,1
3639,5
3640,4
3641,9
3642,10
3643,11
3644,6
3645,5
3646,9
3647,4
3648,13
3649,16
3650,8
3651,10
3652,8
3653,6
3654,2
3655,6
3656,10
3657,14
3658,5
3659,8
3660,7
3661,13
3662,14
3663,10
3664,8
3665,18
3666,7
3667,10
3668,7
3669,5
3670,6
3671,5
3672,5
3673,10
3674,11
3675,9
3676,2
3677,5
3678,8
3679,11
3680,15
3681,7
3682,5
3683,12
3684,12
3685,7
3686,4
3687,5
3688,12
3689,10
3690,17
3691,10
3692,8
3693,7
3694,11
3695,10
3696,13
3697,13
3698,10
3699,8
3700,9
3701,5
3702,6
3703,9
3704,11
3705,5
3706,9
3707,12
3708,18
3709,10
3710,9
3711,7
3712,12
3713,5
3714,9
3715,9
3716,4
3717,7
3718,3
3719,4
3720,4
3721,2
3722,2
3723,13
3724,14
3725,11
3726,9
3727,10
3728,8
3729,9
3730,5
3731,10
3732,10
3733,9
3734,8
3735,12
3736,8
3737,16
3738,8
3739,11
3740,10
3741,5
3742,5
3743,5
3744,8
3745,4
3746,1
3747,10
3748,9
3749,12
3750,8
3751,8
3752,9
3753,13
3754,14
3755,12
3756,15
3757,15
3758,12
3759,5
3760,5
3761,8
3762,9
3763,10
3764,2
3765,6
3766,17
3767,4
3768,14
3769,3
3770,8
3771,7
3772,10
3773,10
3774,17
3775,1
3776,13
3777,4
3778,12
3779,6
3780,9
3781,11
3782,12
3783,10
3784,16
3785,10
3786,7
3787,9
3788,4
3789,11
3790,9
3791,9
3792,9
3793,12
3794,1
3795,5
3796,9
3797,3
3798,8
3799,13
3800,10
3801,1
3802,13
3803,11
3804,1
3805,5
3806,2
3807,6
3808,1
3809,7
3810,5
3811,14
3812,9
3813,9
3814,15
3815,5
3816,9
3817,12
3818,8
3819,8
3820,2
3821,12
3822,18
3823,16
3824,12
3825,16
3826,6
3827,11
3828,17
3829,10
3830,4
3831,8
3832,5
3833,7
3834,4
3835,9
3836,8
3837,10
3838,7
3839,8
3840,6
3841,6
3842,10
3843,4
3844,9
3845,10
3846,17
3847,9
3848,2
3849,9
3850,4
3851,13
3852,17
3853,5
3854,7
3855,2
3856,13
3857,12
3858,14
3859,7
3860,13
3861,7
3862,7
3863,14
3864,2
3865,10
3866,6
3867,6
3868,9
3869,17
3870,10
3871,7
3872,9
3873,7
3874,5
3875,15
3876,18
3877,9
3878,9
3879,8
3880,12
3881,7
3882,16
3883,12
3884,5
3885,8
3886,8
3887,9
3888,10
3889,10
3890,9
3891,5
3892,11
3893,10
3894,9
3895,10
3896,8
3897,9
3898,8
3899,10
3900,9
3901,5
3902,12
3903,12
3904,10
3905,7
3906,7
3907,9
3908,10
3909,5
3910,10
3911,11
3912,12
3913,1
3914,16
3915,12
3916,17
3917,8
3918,9
3919,9
3920,9
3921,12
3922,6
3923,12
3924,4
3925,6
3926,8
3927,7
3928,10
3929,9
3930,11
3931,12
3932,16
3933,5
3934,1
3935,14
3936,11
3937,10
3938,9
3939,10
3940,11
3941,9
3942,13
3943,10
3944,5
3945,9
3946,13
3947,18
3948,10
3949,5
3950,8
3951,7
3952,9
3953,9
3954,9
3955,13
3956,10
3957,5
3958,13
3959,4
3960,4
3961,12
3962,1
3963,10
3964,7
3965,10
3966,5
3967,16
3968,4
3969,9
3970,6
3971,12
3972,4
3973,7
3974,9
3975,9
3976,15
3977,7
3978,6
3979,3
3980,10
3981,2
3982,9
3983,16
3984,10
3985,7
3986,6
3987,10
3988,16
3989,7
3990,11
3991,11
3992,8
3993,5
3994,7
3995,7
3996,10
3997,16
3998,18
3999,10
4000,10
4001,10
4002,2
4003,1
4004,3
4005,10
4006,7
4007,9
4008,8
4009,4
4010,10
4011,5
4012,2
4013,9
4014,13
4015,12
4016,11
4017,11
4018,9
4019,4
4020,7
4021,7
4022,11
4023,7
4024,7
4025,8
4026,5
4027,9
4028,15
4029,5
4030,4
4031,18
4032,4
4033,11
4034,14
4035,9
4036,2
4037,9
4038,12
4039,9
4040,10
4041,6
4042,10
4043,17
4044,6
4045,11
4046,13
4047,9
4048,10
4049,10
4050,11
4051,12
4052,7
4053,10
4054,5
4055,7
4056,11
4057,9
4058,9
4059,8
4060,9
4061,9
4062,5
4063,4
4064,15
4065,11
4066,13
4067,15
4068,9
4069,9
4070,7
4071,5
4072,8
4073,12
4074,9
4075,9
4076,9
4077,6
4078,6
4079,8
4080,7
4081,9
4082,15
4083,6
4084,5
4085,5
4086,9
4087,9
4088,17
4089,5
4090,9
4091,7
4092,13
4093,4
4094,9
4095,17
4096,9
4097,10
4098,13
4099,9
4100,8
4101,15
4102,2
4103,7
4104,18
4105,8
4106,4
4107,12
4108,3
4109,9
4110,4
4111,11
4112,4
4113,7
4114,8
4115,4
4116,6
4117,10
4118,5
4119,7
4120,8
4121,9
4122,6
4123,11
4124,10
4125,6
4126,6
4127,8
4128,10
4129,14
4130,6
4131,4
4132,9
4133,8
4134,2
4135,16
4136,12
4137,3
4138,14
4139,17
4140,6
4141,1
4142,11
4143,10
4144,10
4145,8
4146,4
4147,9
4148,7
4149,5
4150,9
4151,7
4152,10
4153,9
4154,7
4155,4
4156,4
4157,7
4158,5
4159,9
4160,5
4161,6
4162,8
4163,9
4164,16
4165,2
4166,10
4167,12
4168,10
4169,9
4170,10
4171,10
4172,2
4173,7
4174,10
4175,8
4176,17
4177,2
4178,10
4179,18
4180,7
4181,5
4182,8
4183,7
4184,7
4185,10
4186,10
4187,5
4188,18
4189,8
4190,3
4191,9
4192,5
4193,2
4194,8
4195,6
4196,5
4197,1
4198,9
4199,12
4200,2
4201,3
4202,8
4203,8
4204,10
4205,7
4206,2
4207,4
4208,6
4209,9
4210,12
4211,7
4212,6
4213,9
4214,5
4215,10
4216,13
4217,17
4218,10
4219,10
4220,4
4221,10
4222,10
4223,13
4224,7
4225,9
4226,8
4227,9
4228,13
4229,6
4230,3
4231,12
4232,3
4233,8
4234,5
4235,18
4236,13
4237,11
4238,7
4239,6
4240,7
4241,6
4242,13
4243,7
4244,9
4245,9
4246,12
4247,4
4248,11
4249,8
4250,11
4251,9
4252,6
4253,10
4254,10
4255,13
4256,9
4257,10
4258,6
4259,9
4260,5
4261,10
4262,9
4263,9
4264,12
4265,10
4266,5
4267,5
4268,3
4269,7
4270,10
4271,8
4272,7
4273,1
4274,13
4275,10
4276,8
4277,5
4278,6
4279,5
4280,8
4281,8
4282,8
4283,13
4284,16
4285,10
4286,16
4287,5
4288,7
4289,10
4290,10
4291,7
4292,9
4293,15
4294,11
4295,9
4296,8
4297,9
4298,13
4299,13
4300,3
4301,10
4302,13
4303,18
4304,7
4305,9
4306,6
4307,10
4308,14
4309,6
4310,5
4311,12
4312,5
4313,8
4314,7
4315,8
4316,1
4317,9
4318,3
4319,8
4320,6
4321,7
4322,12
4323,8
4324,8
4325,9
4326,11
4327,18
4328,9
4329,13
4330,10
4331,14
4332,7
4333,12
4334,6
4335,6
4336,15
4337,4
4338,10
4339,9
4340,15
4341,8
4342,8
4343,10
4344,5
4345,10
4346,9
4347,12
4348,7
4349,9
4350,15
4351,8
4352,2
4353,11
4354,7
4355,10
4356,6
4357,12
4358,6
4359,10
4360,4
4361,15
4362,9
4363,8
4364,11
4365,7
4366,6
4367,9
4368,10
4369,10
4370,6
4371,8
4372,6
4373,0
4374,5
4375,10
4376,7
4377,8
4378,7
4379,9
4380,9
4381,8
4382,13
4383,7
4384,10
4385,1
4386,16
4387,6
4388,9
4389,5
4390,7
4391,4
4392,3
4393,5
4394,2
4395,9
4396,4
4397,7
4398,8
4399,5
4400,4
4401,9
4402,7
4403,10
4404,11
4405,8
4406,18
4407,15
4408,8
4409,7
4410,7
4411,9
4412,3
4413,2
4414,5
4415,11
4416,9
4417,4
4418,11
4419,7
4420,5
4421,9
4422,9
4423,6
4424,6
4425,7
4426,10
4427,9
4428,6
4429,6
4430,13
4431,9
4432,10
4433,9
4434,10
4435,4
4436,7
4437,8
4438,12
4439,5
4440,8
4441,2
4442,10
4443,8
4444,13
4445,11
4446,9
4447,10
4448,7
4449,10
4450,15
4451,7
4452,13
4453,12
4454,10
4455,4
4456,7
4457,10
4458,18
4459,16
4460,5
4461,4
4462,10
4463,10
4464,10
4465,5
4466,9
4467,2
4468,5
4469,9
4470,7
4471,11
4472,5
4473,9
4474,7
4475,5
4476,15
4477,14
4478,8
4479,6
4480,8
4481,2
4482,4
4483,10
4484,10
4485,4
4486,8
4487,12
4488,2
4489,6
4490,17
4491,9
4492,6
4493,10
4494,8
4495,13
4496,5
4497,2
4498,7
4499,7
4500,10
4501,7
4502,13
4503,6
4504,4
4505,11
4506,6
4507,10
4508,5
4509,7
4510,8
4511,4
4512,14
4513,13
4514,6
4515,9
4516,6
4517,10
4518,4
4519,8
4520,14
4521,8
4522,6
4523,9
4524,13
4525,10
4526,13
4527,10
4528,6
4529,9
4530,9
4531,14
4532,13
4533,5
4534,9
4535,6
4536,8
4537,9
4538,7
4539,8
4540,7
4541,8
4542,4
4543,9
4544,12
4545,8
4546,9
4547,12
4548,8
4549,5
4550,15
4551,4
4552,5
4553,2
4554,4
4555,18
4556,8
4557,8
4558,9
4559,7
4560,13
4561,9
4562,6
4563,6
4564,1
4565,9
4566,6
4567,6
4568,8
4569,3
4570,12
4571,5
4572,9
4573,5
4574,10
4575,9
4576,7
4577,9
4578,10
4579,16
4580,15
4581,7
4582,11
4583,8
4584,5
4585,13
4586,3
4587,8
4588,9
4589,15
4590,14
4591,10
4592,11
4593,7
4594,17
4595,7
4596,4
4597,17
4598,9
4599,7
4600,8
4601,9
4602,6
4603,11
4604,7
4605,11
4606,10
4607,8
4608,5
4609,12
4610,9
4611,10
4612,8
4613,2
4614,7
4615,8
4616,8
4617,10
4618,14
4619,5
4620,5
4621,6
4622,13
4623,10
4624,12
4625,8
4626,6
4627,4
4628,6
4629,10
4630,11
4631,9
4632,15
4633,10
4634,8
4635,5
4636,5
4637,10
4638,10
4639,8
4640,9
4641,7
4642,4
4643,10
4644,5
4645,5
4646,10
4647,10
4648,8
4649,9
4650,2
4651,17
4652,12
4653,12
4654,1
4655,2
4656,6
4657,12
4658,10
4659,8
4660,10
4661,11
4662,15
4663,8
4664,2
4665,2
4666,14
4667,11
4668,10
4669,9
4670,6
4671,13
4672,4
4673,8
4674,10
4675,11
4676,10
4677,6
4678,7
4679,4
4680,7
4681,6
4682,9
4683,10
4684,17
4685,15
4686,8
4687,4
4688,5
4689,10
4690,6
4691,13
4692,8
4693,9
4694,9
4695,8
4696,5
4697,5
4698,5
4699,13
4700,9
4701,10
4702,4
4703,12
4704,9
4705,5
4706,9
4707,14
4708,11
4709,6
4710,17
4711,15
4712,2
4713,5
4714,5
4715,7
4716,8
4717,7
4718,7
4719,11
4720,12
4721,11
4722,10
4723,9
4724,10
4725,9
4726,9
4727,12
4728,11
4729,3
4730,5
4731,17
4732,10
4733,5
4734,12
4735,6
4736,4
4737,5
4738,2
4739,9
4740,6
4741,9
4742,7
4743,2
4744,10
4745,5
4746,10
4747,10
4748,9
4749,4
4750,7
4751,8
4752,1
4753,10
4754,2
4755,2
4756,1
4757,7
4758,11
4759,17
4760,9
4761,3
4762,15
4763,2
4764,10
4765,15
4766,17
4767,13
4768,9
4769,9
4770,7
4771,10
4772,1
4773,10
4774,3
4775,9
4776,8
4777,14
4778,10
4779,15
4780,5
4781,2
4782,12
4783,2
4784,6
4785,10
4786,14
4787,7
4788,5
4789,17
4790,13
4791,11
4792,13
4793,10
4794,9
4795,15
4796,8
4797,8
4798,11
4799,5
4800,11
4801,5
4802,17
4803,7
4804,17
4805,8
4806,7
4807,7
4808,10
4809,14
4810,8
4811,2
4812,9
4813,4
4814,8
4815,9
4816,2
4817,11
4818,9
4819,11
4820,13
4821,12
4822,12
4823,4
4824,10
4825,9
4826,17
4827,16
4828,7
4829,10
4830,13
4831,8
4832,12
4833,13
4834,8
4835,7
4836,11
4837,7
4838,5
4839,7
4840,11
4841,13
4842,10
4843,7
4844,12
4845,6
4846,10
4847,2
4848,11
4849,9
4850,6
4851,10
4852,6
4853,11
4854,9
4855,9
4856,8
4857,10
4858,2
4859,10
4860,4
4861,15
4862,6
4863,9
4864,15
4865,9
4866,4
4867,1
4868,8
4869,10
4870,9
4871,7
4872,10
4873,6
4874,9
4875,8
4876,11
4877,2
4878,9
4879,14
4880,1
4881,4
4882,10
4883,8
4884,3
4885,9
4886,15
4887,4
4888,9
4889,9
4890,6
4891,1
4892,7
4893,13
4894,10
4895,17
4896,6
4897,9
4898,7
4899,7
4900,8
4901,10
4902,5
4903,9
4904,13
4905,14
4906,9
4907,9
4908,9
4909,10
4910,9
4911,5
4912,12
4913,9
4914,11
4915,6
4916,9
4917,10
4918,7
4919,9
4920,10
4921,6
4922,4
4923,2
4924,8
4925,4
4926,3
4927,9
4928,10
4929,17
4930,8
4931,8
4932,9
4933,6
4934,4
4935,10
4936,7
4937,8
4938,10
4939,9
4940,6
4941,10
4942,7
4943,15
4944,10
4945,9
4946,7
4947,2
4948,2
4949,10
4950,5
4951,13
4952,5
4953,8
4954,17
4955,7
4956,14
4957,10
4958,4
4959,12
4960,9
4961,9
4962,5
4963,6
4964,10
4965,8
4966,14
4967,5
4968,8
4969,7
4970,7
4971,8
4972,10
4973,7
4974,8
4975,9
4976,8
4977,9
4978,8
4979,9
4980,14
4981,10
4982,5
4983,4
4984,6
4985,10
4986,10
4987,8
4988,18
4989,10
4990,18
4991,9
4992,10
4993,9
4994,10
4995,2
4996,0
4997,16
4998,5
4999,9
5000,10
5001,6
5002,9
5003,10
5004,8
5005,17
5006,14
5007,6
5008,13
5009,9
5010,4
5011,14
5012,8
5013,8
5014,5
5015,8
5016,9
5017,2
5018,11
5019,4
5020,1
5021,9
5022,5
5023,14
5024,5
5025,9
5026,12
5027,4
5028,7
5029,6
5030,9
5031,10
5032,10
5033,6
5034,7
5035,5
5036,10
5037,3
5038,6
5039,10
5040,11
5041,11
5042,10
5043,7
5044,11
5045,6
5046,13
5047,0
5048,6
5049,4
5050,5
5051,10
5052,9
5053,3
5054,2
5055,11
5056,8
5057,4
5058,7
5059,8
5060,11
5061,18
5062,9
5063,5
5064,10
5065,9
5066,10
5067,11
5068,7
5069,8
5070,8
5071,8
5072,7
5073,4
5074,6
5075,10
5076,8
5077,2
5078,8
5079,15
5080,10
5081,5
5082,8
5083,9
5084,15
5085,2
5086,12
5087,10
5088,10
5089,8
5090,10
5091,10
5092,14
5093,9
5094,8
5095,10
5096,1
5097,13
5098,8
5099,7
5100,12
5101,6
5102,8
5103,5
5104,8
5105,5
5106,10
5107,12
5108,10
5109,8
5110,10
5111,8
5112,6
5113,10
5114,11
5115,8
5116,10
5117,2
5118,15
5119,10
5120,10
5121,6
5122,9
5123,7
5124,2
5125,1
5126,10
5127,8
5128,10
5129,5
5130,14
5131,8
5132,2
5133,6
5134,12
5135,10
5136,6
5137,7
5138,17
5139,10
5140,8
5141,12
5142,12
5143,6
5144,9
5145,9
5146,2
5147,5
5148,12
5149,14
5150,5
5151,10
5152,8
5153,13
5154,6
5155,6
5156,12
5157,14
5158,4
5159,17
5160,6
5161,10
5162,18
5163,7
5164,8
5165,15
5166,8
5167,7
5168,13
5169,4
5170,3
5171,6
5172,16
5173,11
5174,12
5175,6
5176,13
5177,7
5178,6
5179,10
5180,10
5181,6
5182,3
5183,6
5184,4
5185,8
5186,9
5187,8
5188,11
5189,2
5190,4
5191,9
5192,7
5193,12
5194,11
5195,10
5196,5
5197,9
5198,10
5199,8
5200,11
5201,10
5202,7
5203,9
5204,10
5205,4
5206,9
5207,12
5208,9
5209,10
5210,15
5211,2
5212,8
5213,11
5214,8
5215,10
5216,10
5217,18
5218,7
5219,5
5220,7
5221,4
5222,7
5223,10
5224,9
5225,10
5226,10
5227,13
5228,9
5229,8
5230,15
5231,6
5232,4
5233,17
5234,14
5235,7
5236,8
5237,2
5238,15
5239,7
5240,7
5241,14
5242,13
5243,10
5244,10
5245,11
5246,11
5247,16
5248,7
5249,10
5250,3
5251,10
5252,10
5253,13
5254,12
5255,8
5256,8
5257,15
5258,15
5259,8
5260,7
5261,13
5262,16
5263,6
5264,5
5265,8
5266,7
5267,6
5268,2
5269,2
5270,11
5271,8
5272,4
5273,12
5274,6
5275,10
5276,10
5277,16
5278,7
5279,10
5280,8
5281,8
5282,8
5283,4
5284,6
5285,7
5286,11
5287,11
5288,9
5289,15
5290,8
5291,4
5292,10
5293,4
5294,8
5295,4
5296,8
5297,10
5298,5
5299,16
5300,8
5301,2
5302,7
5303,6
5304,17
5305,13
5306,12
5307,8
5308,6
5309,8
5310,13
5311,8
5312,5
5313,9
5314,5
5315,8
5316,4
5317,1
5318,9
5319,10
5320,10
5321,10
5322,4
5323,10
5324,6
5325,10
5326,14
5327,4
5328,12
5329,9
5330,5
5331,12
5332,10
5333,8
5334,8
5335,10
5336,12
5337,6
5338,11
5339,13
5340,9
5341,9
5342,4
5343,5
5344,11
5345,9
5346,7
5347,8
5348,10
5349,7
5350,9
5351,5
5352,6
5353,10
5354,13
5355,8
5356,6
5357,6
5358,8
5359,9
5360,13
5361,18
5362,14
5363,9
5364,13
5365,13
5366,6
5367,13
5368,8
5369,9
5370,7
5371,5
5372,10
5373,9
5374,10
5375,8
5376,3
5377,9
5378,13
5379,5
5380,8
5381,8
5382,16
5383,15
5384,8
5385,14
5386,8
5387,9
5388,11
5389,11
5390,8
5391,6
5392,9
5393,6
5394,9
5395,5
5396,4
5397,8
5398,5
5399,6
5400,10
5401,5
5402,10
5403,7
5404,8
5405,14
5406,9
5407,6
5408,9
5409,7
5410,7
5411,15
5412,10
5413,5
5414,10
5415,5
5416,10
5417,17
5418,12
5419,1
5420,10
5421,17
5422,5
5423,11
5424,7
5425,13
5426,10
5427,12
5428,8
5429,2
5430,4
5431,4
5432,2
5433,9
5434,5
5435,11
5436,6
5437,9
5438,5
5439,7
5440,8
5441,8
5442,7
5443,10
5444,4
5445,4
5446,6
5447,18
5448,7
5449,9
5450,6
5451,10
5452,6
5453,9
5454,6
5455,9
5456,15
5457,10
5458,5
5459,4
5460,10
5461,7
5462,10
5463,8
5464,6
5465,8
5466,8
5467,17
5468,5
5469,12
5470,9
5471,4
5472,12
5473,7
5474,9
5475,10
5476,8
5477,6
5478,10
5479,7
5480,10
5481,7
5482,15
5483,3
5484,2
5485,7
5486,11
5487,10
5488,10
5489,11
5490,10
5491,8
5492,10
5493,17
5494,14
5495,9
5496,2
5497,10
5498,2
5499,9
5500,8
5501,9
5502,7
5503,8
5504,14
5505,12
5506,5
5507,7
5508,10
5509,10
5510,15
5511,6
5512,4
5513,10
5514,12
5515,5
5516,9
5517,10
5518,5
5519,12
5520,5
5521,9
5522,7
5523,10
5524,9
5525,10
5526,10
5527,8
5528,8
5529,8
5530,9
5531,6
5532,12
5533,7
5534,12
5535,10
5536,3
5537,7
5538,5
5539,10
5540,8
5541,15
5542,5
5543,14
5544,9
5545,10
5546,10
5547,8
5548,7
5549,7
5550,10
5551,2
5552,8
5553,6
5554,12
5555,4
5556,9
5557,9
5558,4
5559,7
5560,7
5561,7
5562,5
5563,15
5564,10
5565,10
5566,8
5567,9
5568,8
5569,9
5570,5
5571,8
5572,7
5573,12
5574,9
5575,9
5576,9
5577,8
5578,6
5579,10
5580,7
5581,11
5582,10
5583,8
5584,8
5585,11
5586,4
5587,10
5588,5
5589,8
5590,17
5591,8
5592,9
5593,4
5594,3
5595,18
5596,10
5597,11
5598,11
5599,4
5600,6
5601,14
5602,8
5603,10
5604,11
5605,5
5606,15
5607,6
5608,5
5609,18
5610,8
5611,13
5612,6
5613,10
5614,10
5615,6
5616,9
5617,18
5618,5
5619,9
5620,17
5621,2
5622,11
5623,9
5624,7
5625,9
5626,5
5627,9
5628,15
5629,8
5630,9
5631,8
5632,8
5633,10
5634,11
5635,15
5636,8
5637,10
5638,11
5639,7
5640,12
5641,9
5642,9
5643,8
5644,7
5645,4
5646,8
5647,6
5648,10
5649,17
5650,18
5651,10
5652,14
5653,12
5654,14
5655,6
5656,7
5657,8
5658,17
5659,13
5660,8
5661,8
5662,5
5663,7
5664,16
5665,16
5666,8
5667,5
5668,10
5669,11
5670,2
5671,9
5672,10
5673,15
5674,6
5675,17
5676,10
5677,16
5678,10
5679,11
5680,5
5681,10
5682,5
5683,11
5684,12
5685,11
5686,9
5687,7
5688,13
5689,9
5690,7
5691,8
5692,8
5693,15
5694,9
5695,9
5696,5
5697,5
5698,10
5699,12
5700,6
5701,9
5702,15
5703,10
5704,7
5705,8
5706,7
5707,4
5708,8
5709,2
5710,1
5711,5
5712,6
5713,11
5714,13
5715,9
5716,13
5717,15
5718,16
5719,7
5720,17
5721,8
5722,9
5723,9
5724,6
5725,8
5726,13
5727,11
5728,8
5729,13
5730,8
5731,6
5732,2
5733,10
5734,14
5735,9
5736,3
5737,8
5738,7
5739,13
5740,9
5741,9
5742,6
5743,12
5744,4
5745,8
5746,9
5747,5
5748,8
5749,15
5750,9
5751,9
5752,5
5753,6
5754,7
5755,10
5756,17
5757,8
5758,7
5759,7
5760,9
5761,4
5762,8
5763,7
5764,10
5765,13
5766,10
5767,9
5768,7
5769,8
5770,7
5771,7
5772,10
5773,4
5774,9
5775,7
5776,12
5777,7
5778,2
5779,8
5780,14
5781,9
5782,9
5783,17
5784,13
5785,10
5786,5
5787,8
5788,8
5789,12
5790,8
5791,8
5792,5
5793,8
5794,9
5795,8
5796,5
5797,2
5798,7
5799,7
5800,10
5801,2
5802,7
5803,7
5804,11
5805,5
5806,0
5807,5
5808,14
5809,5
5810,7
5811,3
5812,9
5813,8
5814,1
5815,4
5816,10
5817,9
5818,16
5819,9
5820,10
5821,13
5822,9
5823,10
5824,13
5825,11
5826,8
5827,5
5828,7
5829,10
5830,11
5831,9
5832,17
5833,4
5834,5
5835,10
5836,13
5837,16
5838,10
5839,6
5840,5
5841,8
5842,5
5843,1
5844,10
5845,10
5846,8
5847,9
5848,9
5849,10
5850,7
5851,10
5852,4
5853,10
5854,6
5855,8
5856,4
5857,10
5858,6
5859,8
5860,8
5861,6
5862,9
5863,10
5864,9
5865,8
5866,7
5867,8
5868,9
5869,6
5870,7
5871,7
5872,10
5873,9
5874,9
5875,11
5876,8
5877,6
5878,2
5879,8
5880,3
5881,10
5882,10
5883,7
5884,13
5885,11
5886,9
5887,10
5888,10
5889,10
5890,5
5891,12
5892,2
5893,10
5894,6
5895,15
5896,9
5897,9
5898,5
5899,9
5900,9
5901,8
5902,14
5903,10
5904,8
5905,8
5906,8
5907,11
5908,10
5909,9
5910,12
5911,2
5912,13
5913,8
5914,7
5915,3
5916,9
5917,6
5918,17
5919,12
5920,16
5921,13
5922,5
5923,5
5924,5
5925,8
5926,7
5927,9
5928,11
5929,7
5930,6
5931,2
5932,1
5933,8
5934,7
5935,12
5936,18
5937,12
5938,6
5939,9
5940,10
5941,12
5942,8
5943,1
5944,5
5945,8
5946,8
5947,12
5948,10
5949,11
5950,7
5951,2
5952,8
5953,13
5954,18
5955,13
5956,12
5957,7
5958,14
5959,4
5960,13
5961,4
5962,11
5963,6
5964,6
5965,5
5966,8
5967,7
5968,4
5969,9
5970,10
5971,9
5972,12
5973,6
5974,7
5975,16
5976,8
5977,9
5978,2
5979,12
5980,5
5981,6
5982,9
5983,10
5984,8
5985,10
5986,9
5987,14
5988,12
5989,5
5990,4
5991,6
5992,10
5993,13
5994,8
5995,12
5996,8
5997,10
5998,9
5999,4
6000,6
6001,9
6002,6
6003,2
6004,13
6005,9
6006,6
6007,10
6008,8
6009,9
6010,8
6011,9
6012,2
6013,5
6014,10
6015,10
6016,14
6017,9
6018,12
6019,5
6020,10
6021,7
6022,15
6023,8
6024,1
6025,8
6026,9
6027,6
6028,4
6029,8
6030,10
6031,4
6032,6
6033,5
6034,6
6035,7
6036,10
6037,4
6038,8
6039,8
6040,4
6041,7
6042,5
6043,10
6044,16
6045,11
6046,8
6047,18
6048,10
6049,15
6050,6
6051,8
6052,7
6053,5
6054,9
6055,8
6056,10
6057,8
6058,10
6059,6
6060,8
6061,6
6062,10
6063,8
6064,15
6065,11
6066,8
6067,5
6068,11
6069,10
6070,15
6071,10
6072,10
6073,7
6074,9
6075,8
6076,8
6077,9
6078,8
6079,8
6080,10
6081,13
6082,9
6083,5
6084,7
6085,10
6086,9
6087,12
6088,14
6089,10
6090,12
6091,7
6092,12
6093,10
6094,6
6095,8
6096,10
6097,10
6098,4
6099,13
6100,6
6101,5
6102,6
6103,13
6104,9
6105,5
6106,5
6107,8
6108,8
6109,4
6110,8
6111,17
6112,10
6113,8
6114,5
6115,9
6116,11
6117,7
6118,11
6119,9
6120,10
6121,2
6122,7
6123,9
6124,5
6125,10
6126,7
6127,7
6128,14
6129,6
6130,1
6131,7
6132,4
6133,10
6134,9
6135,15
6136,9
6137,10
6138,18
6139,4
6140,18
6141,2
6142,9
6143,4
6144,11
6145,10
6146,10
6147,10
6148,13
6149,8
6150,5
6151,8
6152,11
6153,9
6154,5
6155,10
6156,11
6157,14
6158,5
6159,7
6160,10
6161,8
6162,1
6163,10
6164,9
6165,5
6166,12
6167,13
6168,6
6169,18
6170,9
6171,5
6172,5
6173,1
6174,5
6175,7
6176,5
6177,12
6178,6
6179,8
6180,3
6181,8
6182,7
6183,15
6184,8
6185,2
6186,10
6187,12
6188,12
6189,5
6190,9
6191,16
6192,2
6193,2
6194,14
6195,10
6196,6
6197,15
6198,4
6199,8
6200,8
6201,3
6202,10
6203,12
6204,7
6205,8
6206,5
6207,10
6208,9
6209,10
6210,13
6211,8
6212,2
6213,5
6214,7
6215,10
6216,4
6217,7
6218,7
6219,12
6220,6
6221,11
6222,4
6223,5
6224,12
6225,7
6226,7
6227,14
6228,5
6229,9
6230,5
6231,8
6232,6
6233,11
6234,8
6235,9
6236,5
6237,2
6238,10
6239,10
6240,7
6241,10
6242,10
6243,13
6244,17
6245,6
6246,11
6247,10
6248,11
6249,8
6250,3
6251,7
6252,9
6253,15
6254,5
6255,17
6256,17
6257,9
6258,7
6259,5
6260,0
6261,11
6262,18
6263,13
6264,9
6265,16
6266,12
6267,9
6268,9
6269,10
6270,8
6271,7
6272,10
6273,6
6274,13
6275,2
6276,5
6277,6
6278,8
6279,8
6280,10
6281,9
6282,10
6283,8
6284,12
6285,2
6286,6
6287,10
6288,4
6289,5
6290,9
6291,10
6292,13
6293,9
6294,6
6295,12
6296,6
6297,7
6298,9
6299,10
6300,4
6301,8
6302,5
6303,9
6304,15
6305,14
6306,8
6307,8
6308,4
6309,10
6310,18
6311,9
6312,6
6313,8
6314,10
6315,2
6316,6
6317,10
6318,10
6319,11
6320,10
6321,8
6322,7
6323,9
6324,8
6325,9
6326,8
6327,7
6328,10
6329,8
6330,6
6331,10
6332,16
6333,9
6334,2
6335,9
6336,1
6337,11
6338,2
6339,10
6340,8
6341,9
6342,4
6343,9
6344,9
6345,12
6346,10
6347,2
6348,7
6349,10
6350,12
6351,8
6352,7
6353,7
6354,9
6355,4
6356,8
6357,10
6358,5
6359,15
6360,4
6361,18
6362,5
6363,12
6364,4
6365,10
6366,5
6367,8
6368,6
6369,10
6370,6
6371,9
6372,12
6373,1
6374,17
6375,5
6376,11
6377,9
6378,8
6379,11
6380,8
6381,12
6382,2
6383,13
6384,12
6385,18
6386,4
6387,11
6388,11
6389,13
6390,10
6391,10
6392,9
6393,17
6394,11
6395,12
6396,6
6397,13
6398,1
6399,10
6400,5
6401,5
6402,7
6403,10
6404,1
6405,10
6406,10
6407,8
6408,5
6409,1
6410,15
6411,10
6412,7
6413,10
6414,10
6415,13
6416,6
6417,13
6418,5
6419,14
6420,4
6421,4
6422,7
6423,6
6424,6
6425,16
6426,9
6427,14
6428,9
6429,11
6430,2
6431,3
6432,7
6433,4
6434,10
6435,17
6436,7
6437,8
6438,8
6439,6
6440,6
6441,10
6442,11
6443,6
6444,4
6445,8
6446,6
6447,10
6448,12
6449,8
6450,14
6451,11
6452,6
6453,10
6454,7
6455,10
6456,3
6457,9
6458,6
6459,10
6460,13
6461,10
6462,10
6463,9
6464,7
6465,8
6466,18
6467,11
6468,7
6469,10
6470,12
6471,11
6472,7
6473,7
6474,5
6475,10
6476,12
6477,17
6478,4
6479,13
6480,7
6481,11
6482,8
6483,7
6484,5
6485,18
6486,11
6487,10
6488,11
6489,7
6490,6
6491,10
6492,7
6493,9
6494,4
6495,8
6496,6
6497,1
6498,7
6499,7
6500,9
6501,8
6502,10
6503,9
6504,5
6505,15
6506,11
6507,3
6508,10
6509,7
6510,9
6511,2
6512,6
6513,9
6514,10
6515,4
6516,7
6517,9
6518,14
6519,4
6520,6
6521,5
6522,5
6523,8
6524,9
6525,13
6526,9
6527,4
6528,10
6529,8
6530,5
6531,11
6532,4
6533,11
6534,8
6535,4
6536,18
6537,5
6538,7
6539,8
6540,9
6541,9
6542,11
6543,10
6544,2
6545,2
6546,5
6547,8
6548,11
6549,10
6550,10
6551,9
6552,7
6553,4
6554,10
6555,5
6556,10
6557,10
6558,8
6559,15
6560,2
6561,4
6562,9
6563,2
6564,14
6565,10
6566,5
6567,10
6568,6
6569,1
6570,8
6571,10
6572,7
6573,8
6574,2
6575,12
6576,10
6577,10
6578,5
6579,9
6580,11
6581,5
6582,11
6583,1
6584,11
6585,8
6586,8
6587,8
6588,8
6589,17
6590,7
6591,9
6592,8
6593,6
6594,9
6595,9
6596,4
6597,10
6598,18
6599,12
6600,9
6601,6
6602,6
6603,12
6604,8
6605,7
6606,4
6607,8
6608,7
6609,14
6610,5
6611,12
6612,8
6613,8
6614,15
6615,7
6616,13
6617,5
6618,11
6619,5
6620,9
6621,16
6622,6
6623,8
6624,9
6625,4
6626,15
6627,8
6628,13
6629,10
6630,9
6631,8
6632,7
6633,9
6634,9
6635,9
6636,11
6637,8
6638,8
6639,7
6640,8
6641,7
6642,10
6643,8
6644,18
6645,10
6646,8
6647,10
6648,7
6649,6
6650,5
6651,7
6652,6
6653,13
6654,11
6655,15
6656,7
6657,10
6658,6
6659,7
6660,14
6661,5
6662,6
6663,11
6664,3
6665,3
6666,4
6667,10
6668,4
6669,15
6670,10
6671,11
6672,10
6673,7
6674,9
6675,15
6676,10
6677,2
6678,14
6679,6
6680,12
6681,11
6682,4
6683,9
6684,10
6685,5
6686,5
6687,8
6688,11
6689,5
6690,5
6691,17
6692,9
6693,10
6694,9
6695,8
6696,2
6697,2
6698,10
6699,6
6700,8
6701,12
6702,4
6703,12
6704,9
6705,5
6706,10
6707,8
6708,10
6709,8
6710,7
6711,8
6712,8
6713,8
6714,7
6715,9
6716,12
6717,8
6718,8
6719,7
6720,3
6721,5
6722,9
6723,2
6724,17
6725,10
6726,10
6727,2
6728,13
6729,6
6730,6
6731,9
6732,10
6733,13
6734,12
6735,9
6736,8
6737,9
6738,8
6739,11
6740,14
6741,10
6742,7
6743,8
6744,7
6745,4
6746,4
6747,10
6748,9
6749,10
6750,10
6751,10
6752,10
6753,1
6754,2
6755,4
6756,12
6757,13
6758,8
6759,6
6760,2
6761,11
6762,5
6763,6
6764,15
6765,9
6766,13
6767,9
6768,12
6769,5
6770,9
6771,12
6772,14
6773,10
6774,16
6775,4
6776,2
6777,12
6778,7
6779,17
6780,10
6781,8
6782,7
6783,9
6784,5
6785,8
6786,4
6787,10
6788,5
6789,10
6790,3
6791,2
6792,3
6793,8
6794,10
6795,15
6796,13
6797,8
6798,10
6799,5
6800,10
6801,3
6802,4
6803,5
6804,7
6805,11
6806,10
6807,5
6808,8
6809,8
6810,5
6811,15
6812,4
6813,17
6814,15
6815,9
6816,8
6817,10
6818,8
6819,7
6820,10
6821,10
6822,8
6823,4
6824,8
6825,10
6826,9
6827,1
6828,7
6829,8
6830,4
6831,9
6832,9
6833,4
6834,17
6835,2
6836,9
6837,2
6838,2
6839,8
6840,9
6841,5
6842,9
6843,8
6844,11
6845,16
6846,6
6847,11
6848,6
6849,4
6850,5
6851,10
6852,2
6853,8
6854,2
6855,7
6856,10
6857,7
6858,10
6859,8
6860,8
6861,8
6862,9
6863,9
6864,7
6865,11
6866,11
6867,13
6868,17
6869,15
6870,10
6871,8
6872,7
6873,7
6874,10
6875,6
6876,7
6877,3
6878,10
6879,9
6880,10
6881,7
6882,8
6883,7
6884,6
6885,9
6886,10
6887,8
6888,13
6889,8
6890,8
6891,8
6892,5
6893,14
6894,8
6895,5
6896,10
6897,4
6898,5
6899,10
6900,9
6901,11
6902,17
6903,13
6904,5
6905,5
6906,11
6907,13
6908,2
6909,10
6910,7
6911,4
6912,5
6913,12
6914,5
6915,4
6916,8
6917,8
6918,13
6919,9
6920,13
6921,6
6922,10
6923,10
6924,7
6925,12
6926,7
6927,11
6928,7
6929,2
6930,15
6931,2
6932,2
6933,8
6934,8
6935,10
6936,9
6937,9
6938,11
6939,8
6940,7
6941,2
6942,9
6943,6
6944,6
6945,10
6946,8
6947,5
6948,17
6949,11
6950,9
6951,5
6952,4
6953,9
6954,17
6955,10
6956,9
6957,14
6958,9
6959,14
6960,6
6961,9
6962,16
6963,10
6964,6
6965,16
6966,16
6967,8
6968,1
6969,8
6970,2
6971,9
6972,9
6973,9
6974,8
6975,9
6976,0
6977,7
6978,6
6979,17
6980,10
6981,5
6982,10
6983,9
6984,15
6985,10
6986,10
6987,16
6988,8
6989,2
6990,4
6991,8
6992,10
6993,1
6994,12
6995,8
6996,9
6997,8
6998,4
6999,2
7000,3
7001,9
7002,15
7003,11
7004,18
7005,8
7006,5
7007,18
7008,9
7009,10
7010,13
7011,8
7012,5
7013,9
7014,2
7015,13
7016,13
7017,12
7018,9
7019,8
7020,4
7021,5
7022,15
7023,9
7024,9
7025,5
7026,13
7027,10
7028,7
7029,4
7030,6
7031,10
7032,12
7033,11
7034,10
7035,9
7036,2
7037,10
7038,13
7039,7
7040,11
7041,7
7042,4
7043,5
7044,9
7045,9
7046,9
7047,12
7048,4
7049,4
7050,8
7051,9
7052,10
7053,7
7054,3
7055,14
7056,4
7057,6
7058,4
7059,11
7060,10
7061,6
7062,10
7063,8
7064,4
7065,3
7066,7
7067,9
7068,17
7069,10
7070,17
7071,10
7072,5
7073,8
7074,15
7075,8
7076,6
7077,14
7078,10
7079,4
7080,2
7081,14
7082,10
7083,12
7084,10
7085,11
7086,5
7087,8
7088,10
7089,4
7090,6
7091,8
7092,10
7093,9
7094,7
7095,9
7096,7
7097,6
7098,13
7099,9
7100,1
7101,12
7102,7
7103,4
7104,9
7105,8
7106,12
7107,5
7108,11
7109,10
7110,8
7111,10
7112,7
7113,10
7114,5
7115,5
7116,10
7117,15
7118,10
7119,9
7120,7
7121,1
7122,5
7123,6
7124,8
7125,5
7126,7
7127,6
7128,9
7129,11
7130,1
7131,10
7132,2
7133,5
7134,15
7135,17
7136,13
7137,5
7138,5
7139,5
7140,11
7141,12
7142,5
7143,8
7144,9
7145,5
7146,11
7147,17
7148,6
7149,12
7150,16
7151,8
7152,7
7153,11
7154,6
7155,12
7156,9
7157,5
7158,7
7159,9
7160,7
7161,7
7162,10
7163,8
7164,2
7165,10
7166,4
7167,10
7168,11
7169,9
7170,9
7171,8
7172,10
7173,11
7174,8
7175,10
7176,4
7177,16
7178,9
7179,9
7180,7
7181,5
7182,5
7183,8
7184,15
7185,9
7186,4
7187,2
7188,10
7189,9
7190,10
7191,10
7192,11
7193,9
7194,9
7195,5
7196,2
7197,18
7198,7
7199,7
7200,9
7201,10
7202,18
7203,10
7204,9
7205,12
7206,15
7207,10
7208,5
7209,17
7210,9
7211,17
7212,12
7213,5
7214,5
7215,5
7216,13
7217,13
7218,18
7219,11
7220,17
7221,15
7222,8
7223,16
7224,10
7225,3
7226,12
7227,7
7228,5
7229,13
7230,15
7231,4
7232,8
7233,9
7234,5
7235,18
7236,11
7237,8
7238,6
7239,14
7240,6
7241,14
7242,9
7243,5
7244,6
7245,9
7246,6
7247,12
7248,9
7249,9
7250,9
7251,17
7252,13
7253,2
7254,10
7255,4
7256,15
7257,15
7258,5
7259,2
7260,2
7261,5
7262,5
7263,13
7264,8
7265,7
7266,10
7267,7
7268,2
7269,10
7270,8
7271,12
7272,14
7273,12
7274,10
7275,7
7276,6
7277,4
7278,5
7279,8
7280,8
7281,9
7282,13
7283,4
7284,4
7285,10
7286,9
7287,10
7288,3
7289,14
7290,16
7291,7
7292,12
7293,2
7294,9
7295,13
7296,11
7297,10
7298,5
7299,6
7300,10
7301,5
7302,10
7303,17
7304,13
7305,9
7306,14
7307,2
7308,13
7309,5
7310,2
7311,7
7312,4
7313,9
7314,13
7315,13
7316,9
7317,4
7318,11
7319,4
7320,9
7321,7
7322,10
7323,7
7324,12
7325,17
7326,9
7327,6
7328,9
7329,8
7330,17
7331,10
7332,8
7333,4
7334,2
7335,5
7336,9
7337,12
7338,11
7339,8
7340,10
7341,6
7342,6
7343,11
7344,8
7345,9
7346,9
7347,10
7348,12
7349,7
7350,8
7351,2
7352,10
7353,5
7354,11
7355,16
7356,14
7357,8
7358,12
7359,9
7360,14
7361,7
7362,10
7363,6
7364,9
7365,5
7366,5
7367,14
7368,5
7369,9
7370,18
7371,16
7372,11
7373,10
7374,5
7375,7
7376,10
7377,17
7378,7
7379,10
7380,10
7381,6
7382,6
7383,5
7384,3
7385,9
7386,6
7387,6
7388,13
7389,11
7390,9
7391,8
7392,12
7393,9
7394,6
7395,7
7396,6
7397,6
7398,15
7399,8
7400,5
7401,9
7402,5
7403,12
7404,14
7405,10
7406,6
7407,9
7408,8
7409,8
7410,10
7411,7
7412,13
7413,7
7414,7
7415,9
7416,4
7417,13
7418,5
7419,10
7420,8
7421,5
7422,8
7423,12
7424,10
7425,6
7426,9
7427,4
7428,8
7429,15
7430,6
7431,5
7432,6
7433,8
7434,7
7435,10
7436,10
7437,4
7438,5
7439,12
7440,9
7441,10
7442,10
7443,9
7444,10
7445,7
7446,8
7447,6
7448,7
7449,14
7450,11
7451,2
7452,12
7453,18
7454,5
7455,10
7456,9
7457,1
7458,10
7459,11
7460,9
7461,9
7462,11
7463,8
7464,17
7465,4
7466,8
7467,8
7468,12
7469,6
7470,7
7471,13
7472,1
7473,6
7474,8
7475,6
7476,2
7477,6
7478,10
7479,11
7480,8
7481,17
7482,1
7483,7
7484,17
7485,16
7486,17
7487,18
7488,8
7489,10
7490,7
7491,6
7492,6
7493,18
7494,6
7495,11
7496,6
7497,7
7498,8
7499,15
7500,7
7501,15
7502,4
7503,10
7504,10
7505,7
7506,12
7507,17
7508,9
7509,7
7510,12
7511,9
7512,15
7513,5
7514,13
7515,10
7516,2
7517,5
7518,6
7519,9
7520,13
7521,8
7522,10
7523,13
7524,14
7525,5
7526,4
7527,10
7528,8
7529,7
7530,6
7531,1
7532,9
7533,2
7534,17
7535,8
7536,10
7537,9
7538,9
7539,8
7540,11
7541,4
7542,5
7543,8
7544,10
7545,10
7546,9
7547,17
7548,9
7549,12
7550,4
7551,8
7552,7
7553,9
7554,9
7555,17
7556,9
7557,15
7558,4
7559,4
7560,15
7561,7
7562,9
7563,10
7564,14
7565,4
7566,5
7567,6
7568,2
7569,8
7570,10
7571,6
7572,5
7573,9
7574,13
7575,9
7576,10
7577,10
7578,7
7579,6
7580,7
7581,12
7582,7
7583,8
7584,2
7585,8
7586,8
7587,6
7588,9
7589,8
7590,10
7591,7
7592,8
7593,11
7594,8
7595,5
7596,8
7597,8
7598,17
7599,9
7600,11
7601,12
7602,5
7603,7
7604,7
7605,13
7606,9
7607,10
7608,11
7609,10
7610,9
7611,5
7612,8
7613,7
7614,12
7615,8
7616,10
7617,14
7618,12
7619,13
7620,11
7621,10
7622,9
7623,5
7624,18
7625,10
7626,2
7627,13
7628,12
7629,10
7630,9
7631,12
7632,12
7633,7
7634,5
7635,5
7636,18
7637,7
7638,6
7639,6
7640,8
7641,6
7642,13
7643,7
7644,10
7645,5
7646,10
7647,10
7648,8
7649,7
7650,16
7651,18
7652,10
7653,16
7654,10
7655,14
7656,10
7657,9
7658,8
7659,8
7660,10
7661,7
7662,7
7663,10
7664,9
7665,1
7666,9
7667,6
7668,10
7669,9
7670,8
7671,2
7672,11
7673,9
7674,5
7675,6
7676,7
7677,15
7678,13
7679,10
7680,13
7681,8
7682,8
7683,18
7684,8
7685,4
7686,9
7687,5
7688,11
7689,14
7690,1
7691,9
7692,10
7693,14
7694,4
7695,7
7696,15
7697,12
7698,8
7699,10
7700,2
7701,5
7702,9
7703,13
7704,7
7705,6
7706,5
7707,6
7708,13
7709,9
7710,10
7711,10
7712,4
7713,6
7714,7
7715,7
7716,12
7717,10
7718,10
7719,4
7720,11
7721,12
7722,4
7723,12
7724,10
7725,9
7726,17
7727,11
7728,2
7729,8
7730,7
7731,2
7732,7
7733,10
7734,16
7735,16
7736,9
7737,6
7738,9
7739,7
7740,10
7741,7
7742,3
7743,9
7744,13
7745,11
7746,10
7747,8
7748,9
7749,9
7750,8
7751,16
7752,13
7753,10
7754,9
7755,7
7756,6
7757,8
7758,8
7759,17
7760,8
7761,10
7762,7
7763,9
7764,14
7765,12
7766,5
7767,10
7768,12
7769,9
7770,7
7771,7
7772,11
7773,2
7774,8
7775,10
7776,9
7777,11
7778,12
7779,8
7780,5
7781,6
7782,10
7783,9
7784,2
7785,5
7786,6
7787,8
7788,3
7789,7
7790,14
7791,15
7792,10
7793,11
7794,8
7795,8
7796,4
7797,9
7798,9
7799,2
7800,3
7801,9
7802,11
7803,10
7804,10
7805,10
7806,8
7807,8
7808,10
7809,10
7810,10
7811,6
7812,9
7813,11
7814,6
7815,6
7816,11
7817,9
7818,13
7819,8
7820,10
7821,12
7822,11
7823,15
7824,17
7825,4
7826,8
7827,9
7828,5
7829,15
7830,8
7831,9
7832,4
7833,9
7834,5
7835,1
7836,12
7837,14
7838,18
7839,7
7840,2
7841,5
7842,9
7843,11
7844,10
7845,17
7846,1
7847,16
7848,16
7849,11
7850,8
7851,8
7852,10
7853,11
7854,10
7855,1
7856,14
7857,5
7858,8
7859,9
7860,9
7861,4
7862,13
7863,10
7864,7
7865,7
7866,5
7867,11
7868,10
7869,10
7870,14
7871,5
7872,6
7873,6
7874,9
7875,8
7876,10
7877,6
7878,6
7879,8
7880,10
7881,10
7882,13
7883,10
7884,8
7885,5
7886,12
7887,8
7888,11
7889,5
7890,8
7891,9
7892,12
7893,10
7894,17
7895,9
7896,13
7897,14
7898,10
7899,8
7900,10
7901,9
7902,9
7903,5
7904,4
7905,5
7906,16
7907,18
7908,11
7909,7
7910,11
7911,4
7912,15
7913,17
7914,9
7915,9
7916,8
7917,13
7918,1
7919,10
7920,12
7921,10
7922,9
7923,15
7924,2
7925,12
7926,9
7927,18
7928,9
7929,9
7930,2
7931,11
7932,10
7933,10
7934,9
7935,5
7936,6
7937,11
7938,9
7939,9
7940,8
7941,14
7942,17
7943,8
7944,13
7945,3
7946,2
7947,11
7948,8
7949,7
7950,6
7951,16
7952,5
7953,8
7954,8
7955,11
7956,4
7957,15
7958,4
7959,5
7960,5
7961,7
7962,17
7963,4
7964,11
7965,11
7966,9
7967,2
7968,9
7969,8
7970,15
7971,7
7972,7
7973,5
7974,11
7975,11
7976,5
7977,9
7978,10
7979,12
7980,8
7981,11
7982,8
7983,8
7984,9
7985,9
7986,9
7987,10
7988,13
7989,11
7990,12
7991,13
7992,11
7993,8
7994,8
7995,11
7996,6
7997,8
7998,7
7999,8
8000,9
8001,13
8002,15
8003,14
8004,11
8005,10
8006,10
8007,4
8008,16
8009,9
8010,10
8011,5
8012,10
8013,2
8014,8
8015,4
8016,12
8017,8
8018,5
8019,10
8020,2
8021,13
8022,16
8023,2
8024,9
8025,10
8026,10
8027,8
8028,13
8029,10
8030,9
8031,4
8032,10
8033,10
8034,9
8035,2
8036,9
8037,6
8038,13
8039,9
8040,9
8041,12
8042,7
8043,8
8044,4
8045,12
8046,10
8047,8
8048,9
8049,11
8050,9
8051,4
8052,10
8053,18
8054,2
8055,4
8056,4
8057,18
8058,7
8059,15
8060,11
8061,6
8062,14
8063,5
8064,12
8065,8
8066,7
8067,9
8068,6
8069,5
8070,11
8071,17
8072,18
8073,10
8074,9
8075,9
8076,10
8077,17
8078,12
8079,7
8080,10
8081,8
8082,14
8083,13
8084,12
8085,4
8086,5
8087,13
8088,5
8089,11
8090,7
8091,11
8092,6
8093,8
8094,17
8095,16
8096,6
8097,13
8098,7
8099,7
8100,11
8101,1
8102,3
8103,10
8104,7
8105,15
8106,16
8107,8
8108,8
8109,4
8110,7
8111,3
8112,9
8113,10
8114,11
8115,6
8116,14
8117,8
8118,14
8119,14
8120,2
8121,11
8122,13
8123,7
8124,8
8125,10
8126,6
8127,9
8128,10
8129,2
8130,14
8131,9
8132,4
8133,9
8134,2
8135,12
8136,2
8137,11
8138,8
8139,13
8140,10
8141,11
8142,10
8143,5
8144,9
8145,12
8146,9
8147,4
8148,10
8149,4
8150,13
8151,9
8152,8
8153,8
8154,10
8155,10
8156,8
8157,9
8158,10
8159,10
8160,12
8161,7
8162,18
8163,9
8164,6
8165,10
8166,5
8167,8
8168,11
8169,15
8170,10
8171,1
8172,7
8173,2
8174,8
8175,9
8176,1
8177,5
8178,5
8179,9
8180,9
8181,10
8182,5
8183,11
8184,1
8185,4
8186,7
8187,11
8188,2
8189,6
8190,7
8191,4
8192,10
8193,15
8194,7
8195,18
8196,4
8197,9
8198,7
8199,5
8200,10
8201,4
8202,10
8203,5
8204,7
8205,10
8206,12
8207,8
8208,8
8209,10
8210,7
8211,7
8212,9
8213,8
8214,11
8215,8
8216,0
8217,10
8218,10
8219,8
8220,14
8221,5
8222,4
8223,5
8224,8
8225,17
8226,7
8227,8
8228,9
8229,9
8230,7
8231,8
8232,14
8233,10
8234,2
8235,10
8236,12
8237,10
8238,2
8239,13
8240,5
8241,17
8242,5
8243,10
8244,8
8245,8
8246,10
8247,5
8248,8
8249,8
8250,3
8251,10
8252,8
8253,9
8254,9
8255,3
8256,17
8257,6
8258,6
8259,2
8260,9
8261,8
8262,12
8263,12
8264,9
8265,13
8266,6
8267,14
8268,8
8269,9
8270,10
8271,8
8272,10
8273,5
8274,4
8275,13
8276,7
8277,10
8278,1
8279,11
8280,11
8281,1
8282,15
8283,16
8284,6
8285,7
8286,4
8287,12
8288,9
8289,10
8290,10
8291,6
8292,7
8293,4
8294,1
8295,10
8296,9
8297,10
8298,8
8299,9
8300,5
8301,8
8302,6
8303,9
8304,12
8305,1
8306,15
8307,9
8308,4
8309,6
8310,10
8311,9
8312,8
8313,9
8314,4
8315,10
8316,12
8317,10
8318,13
8319,5
8320,9
8321,14
8322,10
8323,9
8324,14
8325,15
8326,2
8327,11
8328,4
8329,7
8330,3
8331,8
8332,8
8333,12
8334,6
8335,10
8336,8
8337,4
8338,8
8339,10
8340,7
8341,7
8342,7
8343,6
8344,8
8345,9
8346,8
8347,12
8348,4
8349,10
8350,7
8351,7
8352,4
8353,8
8354,5
8355,12
8356,10
8357,10
8358,8
8359,7
8360,5
8361,8
8362,11
8363,9
8364,11
8365,7
8366,10
8367,8
8368,10
8369,5
8370,5
8371,2
8372,7
8373,13
8374,11
8375,8
8376,12
8377,9
8378,8
8379,6
8380,4
8381,8
8382,8
8383,1
8384,13
8385,8
8386,8
8387,13
8388,12
8389,2
8390,12
8391,9
8392,10
8393,6
8394,7
8395,5
8396,11
8397,10
8398,7
8399,9
8400,10
8401,10
8402,10
8403,10
8404,10
8405,6
8406,5
8407,14
8408,18
8409,13
8410,10
8411,7
8412,18
8413,7
8414,11
8415,6
8416,4
8417,8
8418,6
8419,8
8420,7
8421,8
8422,9
8423,10
8424,8
8425,7
8426,13
8427,8
8428,12
8429,16
8430,6
8431,10
8432,18
8433,5
8434,5
8435,17
8436,7
8437,8
8438,1
8439,11
8440,9
8441,5
8442,4
8443,10
8444,5
8445,10
8446,5
8447,10
8448,8
8449,9
8450,6
8451,10
8452,13
8453,7
8454,18
8455,4
8456,7
8457,9
8458,16
8459,3
8460,9
8461,7
8462,6
8463,15
8464,10
8465,1
8466,10
8467,1
8468,9
8469,12
8470,10
8471,10
8472,15
8473,5
8474,8
8475,10
8476,17
8477,12
8478,10
8479,9
8480,3
8481,8
8482,9
8483,9
8484,4
8485,2
8486,7
8487,9
8488,8
8489,1
8490,10
8491,4
8492,16
8493,13
8494,8
8495,10
8496,8
8497,6
8498,18
8499,4
8500,7
8501,1
8502,17
8503,7
8504,2
8505,4
8506,18
8507,5
8508,2
8509,13
8510,5
8511,3
8512,10
8513,10
8514,5
8515,13
8516,9
8517,10
8518,11
8519,11
8520,9
8521,10
8522,7
8523,9
8524,6
8525,4
8526,8
8527,13
8528,9
8529,9
8530,11
8531,10
8532,10
8533,12
8534,2
8535,13
8536,6
8537,11
8538,12
8539,9
8540,9
8541,8
8542,7
8543,16
8544,10
8545,15
8546,8
8547,8
8548,4
8549,5
8550,5
8551,10
8552,8
8553,8
8554,7
8555,8
8556,9
8557,9
8558,4
8559,11
8560,8
8561,6
8562,7
8563,10
8564,8
8565,15
8566,10
8567,15
8568,13
8569,9
8570,10
8571,10
8572,17
8573,10
8574,15
8575,5
8576,10
8577,9
8578,8
8579,7
8580,5
8581,6
8582,12
8583,5
8584,7
8585,10
8586,7
8587,7
8588,12
8589,9
8590,8
8591,5
8592,17
8593,17
8594,2
8595,11
8596,9
8597,11
8598,7
8599,4
8600,8
8601,10
8602,11
8603,11
8604,17
8605,9
8606,6
8607,7
8608,9
8609,11
8610,12
8611,16
8612,8
8613,2
8614,10
8615,4
8616,9
8617,10
8618,9
8619,10
8620,1
8621,18
8622,9
8623,10
8624,11
8625,3
8626,3
8627,5
8628,11
8629,10
8630,10
8631,13
8632,7
8633,12
8634,6
8635,13
8636,8
8637,9
8638,5
8639,6
8640,10
8641,9
8642,8
8643,11
8644,12
8645,6
8646,4
8647,5
8648,8
8649,4
8650,6
8651,6
8652,8
8653,17
8654,6
8655,6
8656,6
8657,9
8658,5
8659,5
8660,10
8661,4
8662,2
8663,3
8664,8
8665,11
8666,8
8667,4
8668,17
8669,18
8670,7
8671,8
8672,9
8673,8
8674,6
8675,5
8676,8
8677,8
8678,4
8679,9
8680,11
8681,7
8682,10
8683,7
8684,10
8685,12
8686,5
8687,9
8688,10
8689,4
8690,18
8691,10
8692,6
8693,10
8694,12
8695,10
8696,4
8697,8
8698,12
8699,12
8700,4
8701,5
8702,9
8703,4
8704,5
8705,9
8706,7
8707,9
8708,6
8709,8
8710,8
8711,6
8712,10
8713,9
8714,2
8715,11
8716,8
8717,16
8718,3
8719,9
8720,2
8721,7
8722,7
8723,6
8724,12
8725,14
8726,14
8727,15
8728,9
8729,10
8730,7
8731,6
8732,10
8733,9
8734,8
8735,2
8736,11
8737,7
8738,7
8739,12
8740,8
8741,7
8742,1
8743,6
8744,5
8745,8
8746,10
8747,12
8748,8
8749,10
8750,4
8751,9
8752,12
8753,10
8754,11
8755,10
8756,9
8757,8
8758,2
8759,2
8760,6
8761,9
8762,4
8763,5
8764,9
8765,10
8766,15
8767,8
8768,9
8769,10
8770,11
8771,4
8772,4
8773,8
8774,8
8775,11
8776,8
8777,9
8778,6
8779,5
8780,7
8781,13
8782,4
8783,7
8784,10
8785,10
8786,6
8787,5
8788,18
8789,12
8790,8
8791,10
8792,10
8793,9
8794,8
8795,5
8796,9
8797,15
8798,10
8799,11
8800,5
8801,2
8802,6
8803,7
8804,6
8805,11
8806,11
8807,8
8808,13
8809,6
8810,6
8811,10
8812,10
8813,7
8814,13
8815,7
8816,14
8817,11
8818,10
8819,8
8820,10
8821,17
8822,11
8823,7
8824,12
8825,6
8826,8
8827,8
8828,10
8829,10
8830,11
8831,6
8832,7
8833,12
8834,7
8835,9
8836,10
8837,17
8838,2
8839,8
8840,10
8841,10
8842,16
8843,5
8844,4
8845,4
8846,3
8847,10
8848,14
8849,10
8850,8
8851,6
8852,8
8853,11
8854,9
8855,10
8856,6
8857,10
8858,7
8859,2
8860,7
8861,8
8862,8
8863,10
8864,10
8865,5
8866,11
8867,5
8868,2
8869,5
8870,12
8871,18
8872,8
8873,11
8874,6
8875,4
8876,10
8877,5
8878,12
8879,8
8880,4
8881,0
8882,12
8883,7
8884,7
8885,5
8886,2
8887,10
8888,15
8889,7
8890,10
8891,15
8892,4
8893,9
8894,6
8895,15
8896,9
8897,10
8898,6
8899,11
8900,5
8901,6
8902,10
8903,7
8904,8
8905,9
8906,10
8907,11
8908,12
8909,8
8910,10
8911,10
8912,11
8913,13
8914,12
8915,10
8916,10
8917,2
8918,15
8919,16
8920,6
8921,6
8922,7
8923,7
8924,8
8925,10
8926,5
8927,6
8928,11
8929,9
8930,5
8931,18
8932,10
8933,18
8934,9
8935,10
8936,14
8937,9
8938,2
8939,5
8940,10
8941,8
8942,8
8943,11
8944,7
8945,2
8946,9
8947,5
8948,9
8949,18
8950,9
8951,6
8952,10
8953,8
8954,8
8955,12
8956,12
8957,7
8958,18
8959,15
8960,12
8961,8
8962,10
8963,11
8964,2
8965,8
8966,10
8967,10
8968,8
8969,2
8970,10
8971,8
8972,6
8973,14
8974,8
8975,9
8976,10
8977,8
8978,8
8979,10
8980,4
8981,13
8982,10
8983,10
8984,9
8985,13
8986,9
8987,11
8988,15
8989,1
8990,12
8991,4
8992,13
8993,7
8994,18
8995,9
8996,9
8997,10
8998,16
8999,8
9000,4
9001,9
9002,7
9003,10
9004,2
9005,9
9006,8
9007,5
9008,9
9009,11
9010,18
9011,10
9012,8
9013,15
9014,13
9015,7
9016,8
9017,5
9018,5
9019,8
9020,18
9021,11
9022,8
9023,5
9024,10
9025,8
9026,8
9027,9
9028,13
9029,6
9030,11
9031,16
9032,5
9033,9
9034,11
9035,18
9036,4
9037,7
9038,7
9039,15
9040,10
9041,9
9042,9
9043,7
9044,10
9045,18
9046,3
9047,10
9048,7
9049,6
9050,7
9051,9
9052,10
9053,17
9054,9
9055,16
9056,9
9057,8
9058,4
9059,9
9060,5
9061,4
9062,6
9063,10
9064,7
9065,13
9066,11
9067,12
9068,6
9069,8
9070,7
9071,11
9072,11
9073,2
9074,18
9075,1
9076,3
9077,8
9078,9
9079,10
9080,8
9081,16
9082,7
9083,6
9084,6
9085,10
9086,7
9087,9
9088,8
9089,8
9090,17
9091,2
9092,16
9093,10
9094,1
9095,5
9096,11
9097,16
9098,4
9099,4
9100,11
9101,12
9102,10
9103,10
9104,14
9105,16
9106,12
9107,7
9108,10
9109,10
9110,10
9111,6
9112,2
9113,7
9114,8
9115,9
9116,9
9117,7
9118,12
9119,6
9120,5
9121,9
9122,6
9123,7
9124,17
9125,4
9126,13
9127,15
9128,7
9129,2
9130,5
9131,8
9132,8
9133,13
9134,8
9135,5
9136,14
9137,9
9138,4
9139,5
9140,5
9141,9
9142,6
9143,17
9144,16
9145,10
9146,4
9147,5
9148,9
9149,11
9150,2
9151,7
9152,11
9153,17
9154,9
9155,16
9156,13
9157,4
9158,12
9159,3
9160,4
9161,6
9162,10
9163,17
9164,5
9165,10
9166,11
9167,11
9168,8
9169,2
9170,7
9171,12
9172,5
9173,7
9174,18
9175,2
9176,6
9177,9
9178,7
9179,6
9180,10
9181,6
9182,8
9183,6
9184,17
9185,9
9186,6
9187,16
9188,6
9189,4
9190,17
9191,11
9192,13
9193,14
9194,5
9195,12
9196,12
9197,8
9198,9
9199,10
9200,9
9201,11
9202,8
9203,12
9204,8
9205,10
9206,7
9207,10
9208,8
9209,13
9210,13
9211,17
9212,5
9213,7
9214,10
9215,14
9216,10
9217,11
9218,9
9219,10
9220,13
9221,10
9222,10
9223,18
9224,6
9225,10
9226,5
9227,4
9228,4
9229,6
9230,6
9231,5
9232,11
9233,16
9234,4
9235,8
9236,5
9237,7
9238,10
9239,15
9240,9
9241,11
9242,12
9243,4
9244,4
9245,5
9246,4
9247,9
9248,10
9249,6
9250,9
9251,2
9252,9
9253,4
9254,6
9255,8
9256,10
9257,11
9258,11
9259,7
9260,2
9261,8
9262,8
9263,7
9264,13
9265,8
9266,9
9267,5
9268,12
9269,5
9270,5
9271,9
9272,10
9273,4
9274,8
9275,10
9276,10
9277,13
9278,10
9279,7
9280,8
9281,11
9282,9
9283,12
9284,4
9285,9
9286,5
9287,8
9288,9
9289,10
9290,17
9291,10
9292,10
9293,11
9294,6
9295,6
9296,11
9297,18
9298,12
9299,10
9300,14
9301,4
9302,8
9303,8
9304,10
9305,6
9306,2
9307,6
9308,9
9309,10
9310,2
9311,7
9312,8
9313,7
9314,7
9315,11
9316,9
9317,15
9318,7
9319,10
9320,11
9321,6
9322,6
9323,9
9324,11
9325,11
9326,9
9327,10
9328,9
9329,8
9330,11
9331,5
9332,9
9333,5
9334,6
9335,8
9336,2
9337,15
9338,5
9339,9
9340,10
9341,7
9342,15
9343,9
9344,15
9345,9
9346,5
9347,13
9348,14
9349,8
9350,12
9351,7
9352,13
9353,10
9354,7
9355,10
9356,6
9357,6
9358,8
9359,8
9360,12
9361,7
9362,9
9363,6
9364,1
9365,9
9366,5
9367,7
9368,9
9369,7
9370,10
9371,10
9372,3
9373,10
9374,10
9375,10
9376,11
9377,5
9378,7
9379,7
9380,6
9381,8
9382,12
9383,7
9384,8
9385,8
9386,7
9387,10
9388,13
9389,15
9390,10
9391,7
9392,6
9393,10
9394,9
9395,6
9396,11
9397,2
9398,9
9399,13
9400,17
9401,10
9402,10
9403,10
9404,8
9405,7
9406,12
9407,6
9408,11
9409,4
9410,5
9411,6
9412,8
9413,10
9414,11
9415,7
9416,13
9417,12
9418,9
9419,5
9420,1
9421,9
9422,5
9423,10
9424,13
9425,11
9426,6
9427,10
9428,8
9429,9
9430,15
9431,10
9432,1
9433,18
9434,7
9435,6
9436,9
9437,16
9438,5
9439,5
9440,2
9441,11
9442,7
9443,12
9444,7
9445,2
9446,9
9447,5
9448,2
9449,5
9450,9
9451,14
9452,10
9453,6
9454,7
9455,10
9456,14
9457,2
9458,8
9459,10
9460,14
9461,7
9462,5
9463,10
9464,8
9465,16
9466,12
9467,10
9468,8
9469,10
9470,8
9471,11
9472,10
9473,8
9474,5
9475,5
9476,6
9477,10
9478,9
9479,10
9480,7
9481,10
9482,2
9483,5
9484,9
9485,13
9486,8
9487,7
9488,13
9489,4
9490,11
9491,10
9492,9
9493,12
9494,7
9495,15
9496,2
9497,8
9498,10
9499,6
9500,3
9501,8
9502,8
9503,12
9504,11
9505,5
9506,9
9507,6
9508,12
9509,9
9510,10
9511,2
9512,10
9513,11
9514,1
9515,9
9516,5
9517,4
9518,12
9519,8
9520,10
9521,7
9522,2
9523,10
9524,12
9525,9
9526,10
9527,2
9528,4
9529,3
9530,5
9531,7
9532,9
9533,4
9534,5
9535,13
9536,8
9537,7
9538,8
9539,10
9540,11
9541,18
9542,4
9543,12
9544,15
9545,8
9546,8
9547,5
9548,5
9549,9
9550,9
9551,9
9552,4
9553,10
9554,4
9555,5
9556,10
9557,8
9558,5
9559,2
9560,11
9561,6
9562,5
9563,17
9564,4
9565,13
9566,2
9567,12
9568,10
9569,8
9570,5
9571,9
9572,17
9573,6
9574,7
9575,12
9576,8
9577,15
9578,15
9579,9
9580,9
9581,10
9582,8
9583,9
9584,9
9585,13
9586,10
9587,15
9588,10
9589,13
9590,16
9591,2
9592,5
9593,2
9594,5
9595,9
9596,9
9597,12
9598,6
9599,8
9600,8
9601,7
9602,1
9603,4
9604,7
9605,16
9606,5
9607,8
9608,10
9609,5
9610,9
9611,4
9612,7
9613,13
9614,4
9615,8
9616,9
9617,7
9618,4
9619,1
9620,6
9621,4
9622,8
9623,10
9624,2
9625,4
9626,8
9627,13
9628,5
9629,2
9630,10
9631,7
9632,10
9633,11
9634,2
9635,9
9636,6
9637,12
9638,9
9639,4
9640,16
9641,6
9642,3
9643,8
9644,7
9645,12
9646,5
9647,4
9648,6
9649,5
9650,2
9651,7
9652,9
9653,9
9654,9
9655,8
9656,10
9657,5
9658,7
9659,8
9660,5
9661,8
9662,9
9663,13
9664,8
9665,9
9666,17
9667,12
9668,6
9669,5
9670,16
9671,6
9672,9
9673,12
9674,9
9675,10
9676,9
9677,11
9678,17
9679,6
9680,9
9681,8
9682,9
9683,10
9684,6
9685,8
9686,10
9687,9
9688,10
9689,14
9690,3
9691,1
9692,10
9693,5
9694,16
9695,17
9696,7
9697,3
9698,4
9699,13
9700,9
9701,4
9702,5
9703,15
9704,2
9705,11
9706,10
9707,1
9708,8
9709,15
9710,8
9711,10
9712,17
9713,4
9714,16
9715,10
9716,5
9717,3
9718,10
9719,17
9720,11
9721,13
9722,12
9723,7
9724,8
9725,13
9726,7
9727,12
9728,11
9729,18
9730,4
9731,9
9732,6
9733,4
9734,10
9735,8
9736,1
9737,15
9738,15
9739,12
9740,5
9741,8
9742,2
9743,5
9744,5
9745,14
9746,10
9747,5
9748,8
9749,10
9750,2
9751,9
9752,9
9753,4
9754,10
9755,15
9756,4
9757,11
9758,17
9759,4
9760,12
9761,7
9762,8
9763,9
9764,10
9765,2
9766,13
9767,9
9768,10
9769,14
9770,7
9771,11
9772,7
9773,17
9774,6
9775,6
9776,10
9777,4
9778,12
9779,10
9780,18
9781,8
9782,7
9783,16
9784,1
9785,9
9786,7
9787,10
9788,18
9789,12
9790,9
9791,14
9792,10
9793,10
9794,6
9795,1
9796,7
9797,6
9798,13
9799,14
9800,3
9801,11
9802,5
9803,7
9804,17
9805,10
9806,8
9807,8
9808,7
9809,9
9810,6
9811,16
9812,18
9813,2
9814,7
9815,10
9816,5
9817,13
9818,4
9819,10
9820,3
9821,5
9822,4
9823,0
9824,6
9825,6
9826,9
9827,7
9828,10
9829,9
9830,11
9831,7
9832,6
9833,8
9834,11
9835,7
9836,8
9837,8
9838,6
9839,10
9840,7
9841,7
9842,15
9843,10
9844,5
9845,12
9846,9
9847,10
9848,4
9849,7
9850,9
9851,9
9852,6
9853,4
9854,7
9855,6
9856,7
9857,9
9858,9
9859,10
9860,12
9861,3
9862,7
9863,8
9864,15
9865,5
9866,9
9867,12
9868,9
9869,12
9870,11
9871,2
9872,5
9873,18
9874,12
9875,8
9876,3
9877,9
9878,6
9879,9
9880,9
9881,4
9882,6
9883,9
9884,10
9885,7
9886,10
9887,7
9888,5
9889,10
9890,17
9891,4
9892,12
9893,5
9894,17
9895,8
9896,8
9897,8
9898,1
9899,8
9900,6
9901,6
9902,15
9903,6
9904,11
9905,11
9906,9
9907,11
9908,10
9909,6
9910,6
9911,8
9912,10
9913,6
9914,12
9915,8
9916,8
9917,9
9918,5
9919,10
9920,14
9921,10
9922,8
9923,10
9924,9
9925,5
9926,10
9927,12
9928,7
9929,9
9930,9
9931,8
9932,8
9933,5
9934,13
9935,12
9936,9
9937,8
9938,7
9939,8
9940,9
9941,11
9942,6
9943,8
9944,4
9945,11
9946,11
9947,10
9948,7
9949,2
9950,9
9951,9
9952,8
9953,8
9954,8
9955,2
9956,5
9957,11
9958,11
9959,9
9960,17
9961,5
9962,8
9963,5
9964,11
9965,5
9966,6
9967,9
9968,6
9969,10
9970,13
9971,6
9972,7
9973,10
9974,9
9975,4
9976,14
9977,7
9978,6
9979,8
9980,7
9981,4
9982,10
9983,5
9984,8
9985,12
9986,9
9987,6
9988,16
9989,10
9990,9
9991,4
9992,12
9993,4
9994,9
9995,9
9996,12
9997,9
9998,7
9999,6
